OBJECTID;LAND;BEZ;LOR_ab_2021;UJAHR;UMONAT;USTUNDE;UWOCHENTAG;UKATEGORIE;UART;UTYP1;ULICHTVERH;IstRad;IstPKW;IstFuss;IstKrad;IstGkfz;IstSonstige;USTRZUSTAND;LINREFX;LINREFY;XGCSWGS84;YGCSWGS84,,,,
218636;11;2;2100104;2021;12;16;7;3;6;2;0;0;1;1;0;0;0;0;799214,821;5825993,316;13,40910342;52,50179348
218634;11;3;3601243;2021;12;14;1;3;2;6;0;0;1;0;0;0;0;0;799264,4599;5831802,222;13,41506086;52,55383427
218633;11;10;10100313;2021;12;9;3;3;5;3;0;0;1;0;0;0;1;0;807959,3629;5830195,021;13,54141523;52,53458443
218631;11;6;6400736;2021;12;7;5;2;5;3;0;1;1;0;0;0;0;2;787499,3937;5816822,28;13,22909101;52,42586787
218629;11;4;4501042;2021;12;18;5;3;6;2;2;0;1;1;0;0;0;1;793941,1124;5826083,779;13,33171559;52,50547089
218628;11;6;6300527;2021;12;14;1;2;5;2;0;1;1;0;0;0;0;1;790767,222;5817689,463;13,27776985;52,43191556
218627;11;2;2400623;2021;12;16;1;3;9;1;2;0;1;0;0;0;0;1;801244,8958;5827796,496;13,44055239;52,51683879
218626;11;1;1100311;2021;12;15;4;3;0;5;1;0;1;0;1;0;0;1;799818,5274;5827896,404;13,41968493;52,5185203
218625;11;1;1300730;2021;12;18;2;2;1;5;2;0;1;0;0;0;0;0;796657,401;5832076,87;13,3769668;52,55772243
218623;11;2;2200212;2021;12;15;3;3;5;3;0;1;1;0;0;0;0;1;800256,5704;5824388,972;13,42295865;52,48684089
218621;11;1;1300834;2021;12;17;7;2;5;2;1;0;1;0;0;0;0;2;798081,1118;5829990,227;13,39603266;52,53824111
218618;11;10;10200418;2021;12;12;3;3;5;2;0;1;1;0;0;0;0;1;811297,9331;5831566,242;13,59176221;52,54497586
218617;11;7;7400824;2021;12;11;3;3;5;7;0;0;1;0;0;0;0;0;797370,0921;5821908,789;13,37836314;52,46618849
218616;11;10;10100205;2021;12;18;4;3;5;3;2;0;1;0;0;0;0;0;808285,8682;5832821,989;13,5486519;52,55794221
218614;11;5;5300737;2021;12;4;6;2;5;2;2;1;1;0;0;0;0;0;786996,8031;5829458,91;13,23259903;52,53942847
218613;11;8;8100415;2021;12;10;6;3;1;5;0;1;1;0;0;0;0;0;801987,2037;5823501,526;13,44756486;52,47793213
218611;11;6;6200422;2021;11;18;2;3;3;6;2;0;1;0;1;0;0;1;794067,801;5817441,924;13,32596088;52,42793218
218609;11;5;5100312;2021;12;11;4;3;5;3;0;0;1;0;0;0;0;0;784629,1721;5830884,763;13,19900579;52,55345452
218608;11;8;8100314;2021;12;18;6;3;2;6;2;0;1;0;0;0;0;1;801019,9503;5823901,432;13,43372691;52,48205059
218606;11;3;3300411;2021;12;6;6;3;0;1;1;0;0;0;1;0;0;2;803567,5016;5839602,135;13,48548027;52,62136015
218604;11;1;1100308;2021;12;9;5;3;5;3;0;1;0;0;0;0;1;0;796317,2913;5829511,398;13,36967575;52,53491083
218603;11;7;7400927;2021;12;17;5;3;4;6;1;0;1;0;0;0;1;0;798279,0946;5821911,149;13,39170641;52,46571415
218601;11;1;1100206;2021;12;12;7;3;0;1;0;0;0;0;1;0;0;1;797682,2777;5827925,535;13,38832085;52,51995172
218599;11;6;6200421;2021;12;17;3;3;5;3;2;0;1;0;0;0;0;1;793627,8895;5817261,568;13,31935109;52,4265516
218598;11;6;6200311;2021;12;16;4;3;6;2;2;0;1;1;0;0;0;1;796503,0003;5818554,636;13,36265897;52,43659251
218597;11;8;8401244;2021;12;9;6;3;6;2;0;0;0;1;0;0;1;1;805718,7951;5816795,344;13,49620299;52,4157517
218595;11;1;1300733;2021;12;19;6;3;5;3;2;1;1;0;0;0;0;1;797669,5103;5831309,243;13,39116386;52,55028939
218593;11;1;1100311;2021;11;16;2;3;6;4;1;0;1;1;0;0;0;1;800112,3342;5827702,696;13,42382724;52,51662243
218592;11;4;4500939;2021;12;23;1;1;9;1;2;0;1;0;0;1;0;1;792442,5602;5824154,512;13,30800605;52,48898078
218591;11;10;10100311;2021;12;7;4;3;2;2;0;0;1;0;0;0;0;0;806501,427;5829455,431;13,51930631;52,52877791
218590;11;11;11300617;2021;12;10;2;2;6;4;0;0;1;1;0;0;0;1;802840,2985;5829445,916;13,46549424;52,53073876
218588;11;4;4501042;2021;12;16;2;3;6;4;2;0;0;1;0;0;1;1;793795,3369;5825851,711;13,32936923;52,50346903
218586;11;6;6200422;2021;12;18;5;3;5;2;2;0;1;0;0;0;0;2;794234,2452;5816383,958;13,32747132;52,4183584
218584;11;9;9401329;2021;12;11;5;2;6;4;0;0;1;1;0;0;0;1;811767,9411;5818253,451;13,58621993;52,42540688
218583;11;8;8401245;2021;12;14;1;3;5;3;0;0;1;0;1;0;0;1;806687,0555;5815407,99;13,50912465;52,40277595
218582;11;12;12200411;2021;12;9;2;3;8;1;0;0;1;0;0;0;0;2;793208,6933;5832351,651;13,326485;52,56205354
218581;11;1;1100102;2021;11;14;3;3;3;6;1;0;1;0;0;0;1;1;795200,7586;5826802,587;13,35085803;52,51123438
218580;11;1;1100206;2021;12;12;2;2;6;2;0;0;1;1;0;0;0;0;797188,403;5827524,571;13,38070528;52,51662691
218578;11;4;4501042;2021;12;16;3;2;6;4;1;0;1;1;0;0;0;1;793916,9873;5825591,402;13,33092654;52,50106998
218576;11;12;12500825;2021;12;13;7;3;5;3;0;0;1;0;0;0;0;1;790928,1056;5834992,652;13,2952539;52,586953
218573;11;2;2500728;2021;12;13;3;3;5;2;0;0;1;0;1;0;0;0;803188,0315;5828312,762;13,46957162;52,52038926
218572;11;6;6200420;2021;12;16;3;3;2;6;2;0;1;0;0;0;0;2;792352,8297;5815589,052;13,29919075;52,41224032
218571;11;2;2500727;2021;12;17;3;3;6;4;2;0;1;1;0;0;0;0;802366,7852;5827810,512;13,45704827;52,51634359
218569;11;9;9401534;2021;12;16;5;3;9;1;0;0;1;1;0;0;0;0;810832,7491;5820306,692;13,57441949;52,44433931
218568;11;9;9301126;2021;12;10;5;3;6;7;0;0;1;1;0;0;0;0;811415,4395;5817228,527;13,58009862;52,41642267
218566;11;8;8100104;2021;11;6;2;3;5;3;2;1;1;0;0;0;0;1;800268,5755;5822217,887;13,42118011;52,4673739
218564;11;12;12500824;2021;12;16;4;3;2;6;2;0;1;0;0;0;0;0;790901,3686;5836134,447;13,29586315;52,59720324
218563;11;7;7400721;2021;12;17;7;3;2;6;1;0;1;0;0;0;0;1;798308,9278;5823952,173;13,39396975;52,48399318
218562;11;5;5100316;2021;12;15;6;3;9;1;0;0;1;0;0;0;0;1;785383,4798;5829260,691;13,20870562;52,53849861
218561;11;7;7400822;2021;12;18;2;3;6;2;2;0;1;1;0;0;0;1;796711,1167;5821140,41;13,36800821;52,45965892
218559;11;10;10300731;2021;12;18;7;3;5;2;2;0;1;0;0;0;1;0;809639,8479;5830261,461;13,56617361;52,5342278
218558;11;5;5400942;2021;11;7;3;2;6;4;2;0;1;1;0;0;0;1;783753,9889;5824048,931;13,1802995;52,49261987
218557;11;4;4501146;2021;12;15;2;3;5;2;0;1;1;0;0;0;0;0;793308,1987;5823687,501;13,32030756;52,4843298
218556;11;3;3400620;2021;12;16;2;3;5;3;2;1;1;0;0;0;0;1;797605,2232;5833786,221;13,39244;52,57252736
218554;11;6;6300631;2021;12;9;4;3;8;1;0;0;0;0;1;0;0;1;792344,9964;5816586,682;13,29994739;52,42118825
218552;11;2;2300316;2021;12;20;4;3;5;3;2;1;1;0;0;0;0;1;800624,7097;5826267,059;13,43005877;52,50347222
218550;11;1;1100310;2021;12;19;5;3;5;2;2;0;1;0;0;0;0;1;799113,834;5828309,341;13,4097017;52,52260864
218549;11;9;9200715;2021;12;14;2;3;2;6;0;0;1;0;0;0;0;1;808617,0488;5819191,662;13,54089381;52,43560137
218548;11;7;7400823;2021;12;18;2;3;2;6;2;0;1;0;0;0;0;0;797291,2641;5821244,894;13,37661482;52,46028022
218547;11;9;9200819;2021;12;17;5;2;5;3;2;1;0;0;0;0;1;0;810757,1443;5818730,03;13,571845;52,43025279
218546;11;3;3300516;2021;12;14;3;3;5;2;0;0;1;0;0;0;0;0;800123,0086;5833866,167;13,42955282;52,57186148
218544;11;9;9200511;2021;11;9;3;3;6;4;0;1;0;1;0;0;0;1;807420,6334;5821711,009;13,52566811;52,45885405
218543;11;5;5200631;2021;12;6;1;3;1;5;1;0;1;0;0;0;0;0;784761,2624;5826713,003;13,19737422;52,51598153
218542;11;1;1100308;2021;12;1;2;3;1;5;2;0;1;0;0;0;1;1;796338,6417;5829484,572;13,36996568;52,53465876
218540;11;9;9100409;2021;12;5;3;3;5;3;2;0;1;0;0;0;1;1;806399,963;5821066,939;13,51010202;52,45365481
218538;11;1;1400942;2021;12;5;6;3;5;3;2;0;1;0;0;0;0;1;794882,1063;5830544,15;13,34949466;52,54494706
218536;11;2;2300419;2021;12;18;5;3;5;3;2;1;1;0;0;0;0;1;801582,9981;5825948,226;13,44384546;52,50008567
218535;11;4;4300622;2021;12;11;2;3;5;3;0;0;1;0;0;0;0;0;793234,3536;5827056,254;13,32218932;52,51456905
218534;11;1;1100309;2021;12;23;2;3;1;5;2;0;1;0;0;0;1;0;798657,8029;5828520,165;13,40318955;52,52474836
218533;11;1;1100102;2021;12;17;4;3;6;7;1;0;1;1;0;0;0;0;796737,9665;5826598,246;13,37326068;52,50856863
218532;11;1;1400939;2021;12;13;2;3;5;3;0;0;1;0;1;0;0;0;794375,5763;5831806,139;13,34316556;52,5565338
218530;11;1;1300836;2021;12;7;5;3;0;1;0;1;0;0;0;0;0;1;796306,509;5830692,797;13,37057085;52,54550672
218529;11;10;10100206;2021;12;19;6;2;0;7;2;0;0;0;1;0;0;1;810057,8907;5833186,941;13,57504806;52,56020675
218527;11;12;12500825;2021;12;21;7;3;3;2;2;1;1;0;0;0;0;1;791919,8245;5834708,552;13,30960036;52,58387487
218524;11;2;2400520;2021;12;18;2;3;2;6;2;0;1;0;0;0;0;0;800430,4808;5828443,974;13,42917116;52,52309156
218523;11;9;9100101;2021;12;0;3;3;0;1;2;0;0;0;0;0;1;2;802230,3368;5824464,598;13,45200695;52,48642973
218522;11;10;10200418;2021;12;13;7;2;5;2;0;0;1;0;0;0;0;1;811286,73;5831548,696;13,59158109;52,54482503
218521;11;1;1401048;2021;12;8;4;3;5;2;0;1;1;0;0;0;0;1;795435,3306;5831605,887;13,35857368;52,55416487
218519;11;2;2400623;2021;12;16;5;3;6;2;2;0;1;1;0;0;0;0;800905,145;5827538,295;13,43532705;52,51471203
218518;11;1;1100415;2021;12;4;7;3;3;6;2;1;1;0;0;0;0;1;798325,2961;5829351,251;13,39904874;52,53237996
218516;11;5;5100313;2021;11;17;2;3;6;4;1;0;1;1;0;0;0;1;785360,4482;5830714,088;13,20961566;52,55154162
218514;11;2;2300417;2021;12;19;3;3;0;1;2;0;0;0;1;0;0;2;799995,2621;5825446,225;13,42007376;52,49646117
218513;11;11;11400927;2021;12;18;1;3;0;7;2;0;1;0;0;0;0;1;804025,1531;5826748,331;13,48044224;52,50590173
218512;11;9;9300920;2021;12;8;4;3;5;3;0;0;1;0;0;0;0;0;809122,1872;5817340,02;13,54658961;52,41872177
218511;11;3;3100101;2021;12;7;2;3;2;6;1;0;1;0;0;0;0;1;803360,7206;5842630,516;13,48521553;52,64861734
218509;11;12;12200309;2021;12;16;6;2;6;4;2;0;1;1;0;0;0;1;792881,9035;5832715,566;13,32199917;52,56549173
218508;11;1;1100309;2021;12;18;6;3;6;7;2;0;0;1;0;0;1;0;798301,8831;5828755,465;13,39817002;52,52705235
218507;11;2;2200210;2021;11;17;3;3;5;2;2;0;1;0;0;0;1;1;798295,641;5825307,58;13,39498797;52,49614997
218506;11;1;1200519;2021;12;15;1;3;6;2;2;0;1;1;0;0;0;1;793701,2108;5828501,993;13,3303259;52,52727814
218504;11;1;1100102;2021;12;20;3;3;5;2;2;0;1;0;0;0;0;1;796582,024;5826874,367;13,37121575;52,51112858
218503;11;6;6400843;2021;12;17;6;2;6;4;2;0;1;1;0;0;0;0;792265,7312;5820603,489;13,30229768;52,45724106
218501;11;7;7601237;2021;12;16;5;2;6;4;2;0;1;1;0;0;0;1;797389,5669;5817123,133;13,3743894;52,42327908
218498;11;1;1200517;2021;12;15;2;3;5;2;0;1;1;0;0;0;0;0;794967,5685;5829549,707;13,3498684;52,53598641
218497;11;3;3701556;2021;12;13;4;3;1;5;0;0;0;0;0;1;1;1;799479,7933;5829688,32;13,41632159;52,53476816
218496;11;5;5300736;2021;12;9;4;3;3;6;0;0;1;0;0;0;0;1;786598,4553;5829228,23;13,22654265;52,53756992
218495;11;6;6200422;2021;12;15;3;3;6;4;1;0;0;1;0;0;1;0;794164,8797;5817493,523;13,32742995;52,42834256
218493;11;4;4500939;2021;12;17;4;3;2;6;1;0;1;0;0;0;0;0;792467,1033;5824130,393;13,30834532;52,48875141
218492;11;11;11300620;2021;12;14;5;3;5;3;0;0;1;0;0;0;1;0;803823,0896;5829053,771;13,47957946;52,52667724
218490;11;6;6400843;2021;12;15;7;3;0;4;0;0;1;1;0;0;0;0;791762,3655;5819570,489;13,29400801;52,44824917
218487;11;6;6100101;2021;12;8;3;3;5;3;0;1;1;0;0;0;0;0;793396,1061;5820356,417;13,31866902;52,45442049
218486;11;9;9200818;2021;12;17;5;3;2;6;2;0;1;0;0;0;0;1;809767,1578;5820689,459;13,55914642;52,44837426
218485;11;9;9200716;2021;12;9;4;3;5;3;0;1;1;0;0;0;0;0;808745,0307;5819243,023;13,5428179;52,43598944
218484;11;10;10400940;2021;12;15;2;3;5;2;1;0;0;0;0;0;1;1;812723,6829;5825535,078;13,60705006;52,49011384
218483;11;6;6200423;2021;12;20;6;3;5;2;2;0;1;0;0;0;0;0;793445,1775;5816136,286;13,31568466;52,41656171
218481;11;2;2200213;2021;12;8;5;3;0;7;0;1;0;0;0;0;0;1;799877,5883;5825358,771;13,41826684;52,49574194
218480;11;1;1100206;2021;12;4;7;3;6;7;2;0;1;1;0;0;0;0;797870,483;5827367,536;13,39058686;52,51484718
218478;11;12;12100205;2021;11;16;2;2;6;2;1;0;0;1;0;1;0;1;794846,2585;5833741,522;13,35180821;52,57362826
218477;11;6;6300524;2021;12;14;1;3;5;2;0;0;1;0;0;0;0;1;787515,685;5817398,976;13,22982575;52,43102984
218476;11;7;7400721;2021;12;15;4;3;1;7;1;0;1;0;0;0;0;0;797749,8438;5822634,554;13,38458439;52,47248736
218475;11;1;2400623;2021;12;11;1;3;5;3;0;0;1;0;0;0;0;1;800171,3427;5827361,51;13,42438646;52,51353179
218474;11;2;2100103;2021;12;15;5;3;2;6;0;0;1;0;0;0;0;1;798505,6502;5825571,536;13,39830882;52,49840118
218472;11;8;8200623;2021;12;10;7;3;5;3;0;0;1;0;1;0;0;1;801394,0184;5821142,638;13,43672645;52,45711647
218469;11;5;5100211;2021;12;14;3;3;1;5;0;1;1;0;0;0;0;2;783202,3535;5830115,736;13,17736162;52,54730308
218468;11;12;12200411;2021;12;13;3;3;2;2;0;0;1;0;0;0;0;0;792233,7764;5831926,461;13,31176939;52,558766
218467;11;4;4200203;2021;12;8;4;2;1;5;0;0;1;0;0;0;0;0;787839,3033;5826510,649;13,242435;52,51255151
218465;11;8;8100312;2021;12;13;6;3;5;3;0;1;1;0;0;0;0;0;801300,5757;5824010,256;13,43794513;52,48287124
218464;11;1;1300733;2021;12;21;7;3;2;6;2;0;1;0;0;0;0;1;797140,9075;5831404,6;13,38347617;52,55143275
218462;11;6;6100205;2021;11;7;3;3;6;7;0;0;1;1;0;0;0;1;795966,71;5819891,953;13,35597741;52,44887108
218460;11;12;12500928;2021;12;18;3;3;2;6;2;0;1;0;0;0;0;0;791445,3552;5836596,665;13,30427867;52,60105559
218459;11;11;11200410;2021;12;9;1;3;5;2;0;0;1;0;0;0;1;0;805851,8078;5832350,915;13,51242569;52,55509281
218458;11;2;2100101;2021;12;13;5;3;5;2;0;1;1;0;0;0;0;0;797416,6898;5826150,026;13,38283137;52,50418125
218457;11;8;8100104;2021;12;18;2;3;1;5;2;1;1;0;0;0;0;1;800851,5245;5822520,796;13,43000879;52,4697683
218454;11;7;7601544;2021;12;10;6;3;5;3;0;0;1;0;0;0;1;1;799027,5787;5814291,909;13,39587788;52,3970078
218453;11;5;5100317;2021;12;20;7;3;5;3;2;0;1;0;1;0;0;0;785344,7679;5828600,014;13,2075691;52,53259532
218452;11;9;9100306;2021;12;11;1;3;6;7;0;0;1;1;0;0;0;0;804283,8349;5820729,36;13,47874948;52,45181122
218451;11;12;12400722;2021;12;15;4;3;2;6;0;0;1;0;0;0;0;1;791204,1129;5838441,869;13,30235065;52,61772651
218450;11;4;4300624;2021;12;17;2;3;2;6;2;0;1;0;0;0;0;0;792971,7767;5826022,772;13,31742125;52,50544537
218448;11;4;4100101;2021;12;7;5;3;2;6;2;0;1;0;0;0;1;1;791326,0586;5830671,583;13,29731627;52,54800264
218447;11;10;10400939;2021;12;11;7;3;5;3;0;0;1;0;0;0;0;1;812963,3474;5827823,04;13,61271831;52,51047907
218445;11;1;1401045;2021;12;0;4;3;6;2;2;0;1;1;0;0;0;0;796704,6557;5831624,151;13,37725714;52,55363858
218442;11;6;6100209;2021;12;6;2;3;4;6;1;1;0;0;0;0;1;1;794676,6637;5821752,626;13,33869228;52,46624791
218441;11;6;6200421;2021;12;21;3;2;6;2;2;0;1;1;0;0;0;1;794005,5982;5817452,406;13,32505788;52,42805957
218440;11;5;5100104;2021;12;10;5;3;9;1;0;0;0;0;1;0;0;0;785194,746;5831168,644;13,20756891;52,55570389
218439;11;7;7400824;2021;12;11;4;3;5;3;0;0;1;0;0;0;1;0;797840,8273;5822041,628;13,3853906;52,46712283
218437;11;12;12200412;2021;12;16;5;3;5;2;2;0;1;0;0;0;0;0;791168,4207;5834029,367;13,29794475;52,57818881
218436;11;3;3701556;2021;12;9;6;3;2;2;0;0;1;0;0;0;1;0;799691,0115;5829228,736;13,41901192;52,53053264
218434;11;7;7400927;2021;12;12;6;3;1;5;0;0;1;0;0;0;0;1;798753,6854;5821853,334;13,39861994;52,46493662
218431;11;4;4501042;2021;12;2;3;3;2;6;2;0;1;0;0;0;0;1;794085,2165;5825955,526;13,33371932;52,50424352
218430;11;4;4200311;2021;12;11;5;3;5;2;0;1;1;0;0;0;0;1;790025,5022;5825236,312;13,27344992;52,49996881
218429;11;11;11300721;2021;12;18;5;3;8;1;2;0;1;0;0;0;0;2;806115,541;5830146,027;13,51427163;52,535184
218427;11;6;6300528;2021;12;9;6;3;6;7;0;0;1;1;0;0;0;0;789969,9282;5816231,508;13,26481146;52,41926765
218425;11;2;2500831;2021;11;15;2;2;0;1;0;0;0;0;1;0;0;1;802858,8327;5827209,815;13,46373072;52,51068661
218424;11;7;7400822;2021;12;18;7;3;6;2;2;0;1;1;0;0;0;1;796815,2271;5822347,231;13,37060939;52,47042042
218423;11;1;1401044;2021;12;10;3;3;5;3;0;0;1;0;0;0;0;0;796719,5446;5831351,679;13,37723259;52,55118807
218422;11;1;1100308;2021;12;14;1;3;0;1;0;1;0;0;0;0;0;0;797292,631;5829038,251;13,38358985;52,53013849
218420;11;2;2200210;2021;12;16;7;2;5;2;1;1;1;0;0;0;0;1;798425,688;5824777,116;13,39642275;52,49132395
218419;11;11;11200411;2021;12;16;6;2;5;3;2;0;1;0;1;0;0;0;805456,8307;5831361,301;13,50570761;52,54644525
218417;11;12;12500927;2021;12;10;5;3;5;3;0;0;1;0;0;0;0;2;792458,4425;5835352,818;13,3180961;52,58936114
218415;11;1;1100313;2021;12;19;5;3;2;6;2;0;1;0;0;0;0;1;799557,7508;5826667,513;13,41474699;52,50764849
218414;11;12;12200412;2021;12;9;2;3;0;1;0;0;0;0;0;0;1;0;790916,1488;5833770,918;13,29400554;52,57600679
218413;11;11;11200411;2021;12;10;7;3;5;2;0;0;1;0;0;0;1;0;805436,5636;5831620,855;13,50564836;52,54878281
218412;11;8;8100416;2021;11;16;3;3;2;7;2;1;1;0;0;0;0;1;801474,6199;5823442,935;13,43998737;52,47769015
218411;11;3;3701556;2021;12;11;3;3;0;2;0;1;0;0;1;0;0;0;799546,3368;5829481,097;13,41711296;52,53287417
218409;11;5;5200528;2021;12;17;3;3;2;6;1;0;1;0;0;0;0;0;783677,9615;5825981,156;13,18082878;52,50998421
218407;11;11;11400929;2021;12;1;6;3;9;1;2;0;1;0;0;0;0;1;804929,8958;5826324,448;13,49334284;52,50159778
218406;11;8;8100415;2021;12;18;2;3;6;2;2;0;0;1;0;0;1;1;802017,4334;5823497,897;13,44800532;52,47788289
218405;11;8;8300934;2021;12;15;6;3;0;6;1;0;1;0;0;0;1;0;802876,097;5818250,332;13,45585054;52,43037328
218402;11;11;11400931;2021;12;14;5;3;5;2;0;0;1;0;0;0;0;1;806623,356;5827338,71;13,51914709;52,50973892
218401;11;1;1100206;2021;12;7;6;3;0;7;0;1;0;0;0;0;0;2;797475,4059;5827934,914;13,38528932;52,52014868
218400;11;1;1400942;2021;12;20;2;2;6;2;2;0;1;1;0;0;0;1;795519,6498;5830761,808;13,35906251;52,54655273
218399;11;8;8100208;2021;12;10;4;3;5;2;0;1;1;0;0;0;0;1;801012,8968;5822573,262;13,4324246;52,47014968
218398;11;7;7100102;2021;12;16;2;2;5;3;1;1;1;0;0;0;0;1;794992,0968;5825099,217;13,34628313;52,49607774
218396;11;9;9501737;2021;12;15;5;3;2;6;1;0;1;0;0;0;1;1;814228,3778;5822177,258;13,62597572;52,45916079
218395;11;1;1300835;2021;12;17;6;3;5;2;2;1;1;0;0;0;0;0;797531,7619;5829427,975;13,38745344;52,53350142
218393;11;2;2500832;2021;12;18;4;3;5;2;2;1;1;0;0;0;0;0;803474,2496;5827021,9;13,47259981;52,50866037
218390;11;7;7100101;2021;12;19;1;3;6;2;2;0;1;1;0;0;0;1;794598,5274;5825436,649;13,340801;52,49931519
218389;11;1;1100102;2021;12;17;3;3;2;6;2;0;1;0;0;0;0;1;795044,1667;5827225,04;13,34893186;52,51510609
218388;11;12;12500824;2021;12;9;4;3;5;3;0;1;1;0;0;0;0;0;790242,7518;5835864,182;13,28592983;52,59513228
218386;11;9;9200715;2021;12;17;5;3;5;3;2;0;1;0;0;0;0;0;808096,1844;5818410,511;13,53253629;52,42889421
218385;11;1;1200517;2021;12;0;6;2;5;3;2;0;1;0;0;0;0;0;792738,7955;5828288,792;13,31599219;52,52588453
218383;11;1;1100312;2021;12;15;7;3;6;4;1;1;0;1;0;0;0;1;799436,4565;5826764,446;13,41305236;52,50858393
218381;11;4;4500936;2021;12;17;3;3;5;2;2;1;1;0;0;0;0;0;791854,774;5825706,646;13,30073375;52,50321002
218380;11;9;9200510;2021;12;10;5;3;2;2;0;0;1;0;0;0;1;1;806584,3867;5822759,948;13,51436245;52,46872474
218379;11;2;2500833;2021;12;8;5;3;5;2;0;0;1;0;0;0;1;0;802073,083;5827362,833;13,45232676;52,51249379
218378;11;6;6400841;2021;12;18;6;3;6;4;2;1;0;1;0;0;0;1;789605,941;5818112,618;13,26110303;52,43632537
218376;11;4;4400835;2021;12;9;7;3;5;7;0;0;1;0;0;0;0;1;792982,1681;5822449,339;13,31443214;52,47340507
218375;11;4;4100101;2021;11;6;3;3;2;6;2;0;1;0;0;0;0;1;791122,5362;5829417,634;13,2932244;52,53686995
218374;11;1;1200520;2021;12;16;1;3;5;3;2;1;0;0;0;0;0;1;794587,2345;5828459,374;13,34331093;52,52641805
218373;11;12;12100204;2021;12;16;4;3;1;5;2;0;0;0;1;0;1;0;794142,7497;5832613,152;13,3404565;52,56389391
218372;11;2;2400522;2021;12;17;2;3;2;6;2;0;1;0;0;0;0;1;802114,4944;5827735,473;13,45327344;52,51581084
218370;11;4;4501045;2021;12;16;3;3;6;2;1;0;1;1;0;0;0;1;793661,2698;5825321,637;13,32693229;52,49878934
218369;11;9;9502043;2021;12;17;6;3;4;2;2;0;1;0;0;0;0;0;809215,4653;5823033,233;13,55322526;52,46969115
218368;11;10;10200421;2021;12;16;5;3;2;6;1;0;1;0;0;0;0;2;812267,3375;5830685,873;13,60518377;52,53653211
218366;11;12;12601134;2021;12;14;5;3;6;2;0;0;1;1;0;0;0;1;793956,8547;5836631,339;13,34128582;52,60001443
218365;11;2;2300315;2021;12;8;2;3;2;6;0;0;1;0;0;0;0;0;800433,224;5825788,677;13,42681458;52,49928979
218364;11;10;10400835;2021;12;23;2;3;5;3;2;0;1;0;0;0;0;2;811468,084;5828135,685;13,5910495;52,51413653
218363;11;6;6300634;2021;12;21;4;2;6;2;2;0;1;1;0;0;0;1;792932,2193;5817743,298;13,30957101;52,43124315
218362;11;6;6200422;2021;12;16;3;3;5;2;2;1;1;0;0;0;0;0;794097,2224;5817420,877;13,32637385;52,42772768
218360;11;4;4300416;2021;12;17;4;3;6;7;2;0;1;1;0;0;0;1;791506,279;5826293,056;13,29612754;52,50865342
218358;11;11;11300725;2021;12;14;7;3;0;5;1;0;1;0;0;0;0;1;804882,2994;5827751,149;13,49395047;52,51441121
218355;11;4;4501152;2021;12;15;3;3;0;1;0;1;0;0;0;0;0;2;794116,7352;5824690,006;13,33306479;52,49288181
218354;11;7;7400721;2021;12;18;4;2;0;1;2;1;0;0;0;0;0;1;798529,913;5823952,924;13,39721504;52,48387914
218353;11;4;4501152;2021;12;19;4;3;2;6;2;0;1;0;0;0;0;0;793995,1716;5824713,824;13,33130044;52,49316082
218352;11;7;7200409;2021;12;22;6;2;0;7;2;0;0;0;0;0;1;1;795495,762;5824441,301;13,35309714;52,48990757
218350;11;2;2100104;2021;12;14;5;2;6;4;0;0;1;1;0;0;0;0;799112,9451;5826263,65;13,40784989;52,50427249
218349;11;12;12500930;2021;12;14;5;3;5;3;0;1;1;0;0;0;0;1;793608,1481;5835165,981;13,33485298;52,58706692
218347;11;4;4400728;2021;11;19;2;3;6;2;2;0;1;1;0;0;0;1;790702,3563;5822699,933;13,28118044;52,4768698
218345;11;8;8100521;2021;12;16;3;3;2;6;2;0;1;0;0;0;0;0;803786,0217;5822151,349;13,47274032;52,46483316
218343;11;7;7100102;2021;12;8;6;3;4;1;1;1;1;0;0;0;0;2;795544,5567;5825255,851;13,35453629;52,49718296
218340;11;4;4300412;2021;12;17;2;2;6;4;2;0;1;1;0;0;0;0;790921,5976;5827403,163;13,28850749;52,51891763
218339;11;9;9401534;2021;12;15;3;3;5;3;1;1;1;0;0;0;0;2;810899,7019;5820441,016;13,57552638;52,44550501
218338;11;4;4501041;2021;12;17;3;3;3;6;2;1;1;0;0;0;0;0;793153,145;5825392,632;13,31953099;52,49969897
218336;11;1;1100207;2021;12;6;6;3;5;3;2;0;1;0;0;0;0;0;798020,9509;5826589,921;13,39210135;52,50779465
218335;11;8;8200623;2021;12;22;5;3;5;3;2;0;1;0;0;0;0;1;801768,1636;5821091,469;13,44216991;52,45645139
218333;11;6;6300629;2021;11;19;2;3;0;1;2;1;0;0;0;0;0;1;791449,5825;5819050,085;13,28896465;52,44375054
218331;11;8;8100417;2021;12;12;4;3;5;3;0;0;1;0;0;0;0;0;802350,324;5822951,708;13,45239681;52,47280317
218330;11;12;12400721;2021;12;11;6;3;5;3;0;0;1;0;0;0;0;1;790135,2554;5842630,215;13,29028564;52,65584592