OBJECTID;LAND;BEZ;LOR_ab_2021;UJAHR;UMONAT;USTUNDE;UWOCHENTAG;UKATEGORIE;UART;UTYP1;ULICHTVERH;IstRad;IstPKW;IstFuss;IstKrad;IstGkfz;IstSonstige;USTRZUSTAND;LINREFX;LINREFY;XGCSWGS84;YGCSWGS84,,,,
217027;11;10;10400941;2021;11;12;2;2;5;3;0;1;1;0;0;0;0;1;812566,4968;5824277,355;13,60356326;52,47893317
217026;11;3;3400620;2021;11;6;5;3;5;3;2;1;1;0;0;0;0;0;797411,7617;5833971,81;13,38976021;52,57429667
217025;11;2;2500835;2021;11;10;3;2;0;1;0;0;0;0;1;0;0;0;803113,5799;5826306,229;13,46665027;52,50244643
217024;11;11;11501238;2021;10;11;7;3;5;2;0;0;1;0;1;0;0;0;804082,3955;5825989,88;13,48059043;52,49907208
217023;11;1;1100310;2021;10;15;4;3;0;2;0;1;1;0;0;0;0;0;799492,8929;5828852,927;13,41576152;52,52727298
217022;11;11;11300722;2021;10;14;2;3;5;2;0;1;1;0;0;0;0;0;803738,6371;5828638,533;13,47795918;52,52300265
217021;11;7;7601339;2021;10;12;1;3;0;2;0;0;1;0;1;0;0;0;795400,2446;5815723,373;13,34398391;52,41180851
217020;11;4;4501042;2021;11;15;4;3;0;2;0;0;1;0;0;0;1;0;793996,5473;5826165,011;13,33260171;52,50616923
217019;11;5;5200525;2021;11;14;6;2;6;4;0;0;1;1;0;0;0;1;781207,2309;5827399,412;13,14571815;52,52398053
217018;11;11;11200513;2021;10;17;2;3;5;2;0;1;1;0;0;0;0;0;803853,4647;5830396,553;13,48125326;52,53869518
217017;11;8;8100417;2021;10;13;5;2;5;3;0;1;1;0;0;0;0;1;802074,3311;5822683,037;13,44810258;52,47054774
217016;11;8;8100418;2021;11;14;6;3;6;4;0;0;1;1;0;0;0;0;802068,4145;5823584,307;13,44883197;52,4786292
217015;11;9;9501737;2021;11;7;4;3;1;5;0;1;1;0;0;0;0;1;815059,2731;5821052,942;13,6371038;52,44860768
217014;11;1;1300834;2021;10;9;5;3;0;2;0;1;1;0;0;0;0;0;798351,5399;5830138,989;13,40014167;52,53942658
217013;11;4;4501152;2021;10;13;4;3;0;7;0;1;0;0;0;1;0;1;793965,4876;5824887,998;13,33101817;52,49473819
217012;11;4;4100101;2021;10;6;3;2;2;7;2;0;1;0;1;0;0;1;792496,5863;5830685,571;13,3145418;52,54750081
217011;11;11;11300620;2021;11;18;4;3;5;2;2;0;1;0;0;0;0;0;803730,4885;5829786,211;13,47888783;52,53329345
217010;11;11;11501341;2021;11;18;3;3;0;7;2;0;1;0;0;0;0;1;806453,2558;5824373,678;13,51392086;52,48326108
217009;11;5;5100317;2021;10;2;4;2;0;7;2;0;0;0;0;0;1;1;788104,7869;5827881,934;13,24752389;52,52470553
217008;11;4;4400729;2021;10;17;4;3;0;1;0;1;0;0;0;0;0;0;789341,7147;5822872,843;13,26135261;52,47914255
217007;11;8;8200832;2021;11;10;6;2;6;4;0;0;1;1;0;0;0;1;801533,9182;5817359,897;13,43536634;52,42313341
217006;11;12;12500824;2021;11;15;7;3;5;2;0;1;1;0;0;0;0;1;790208,55;5835827,334;13,28539402;52,59482019
217005;11;10;10100208;2021;11;19;4;3;2;7;2;1;1;0;0;0;0;1;809066,3797;5832252,283;13,55959809;52,55239434
217004;11;8;8401242;2021;11;21;7;3;5;3;2;0;1;0;0;0;0;0;804819,2133;5816776,748;13,48299994;52,41608672
217003;11;6;6400735;2021;10;10;7;2;5;3;0;0;1;0;0;0;0;0;782949,4337;5815892,095;13,16156795;52,41989932
217002;11;3;3501038;2021;10;20;4;3;5;7;2;1;1;0;0;0;0;0;803004,6805;5832010,834;13,47024945;52,55363618
217001;11;2;2100106;2021;10;17;1;3;5;2;0;1;1;0;0;0;0;0;799071,9435;5825610,953;13,40666144;52,49844446
217000;11;12;12200309;2021;11;12;2;2;5;3;0;0;1;0;1;0;0;1;793561,9581;5832369,066;13,33169687;52,5620193
216999;11;4;4300621;2021;11;10;4;3;1;5;0;1;1;0;0;0;0;0;792086,9019;5826762,902;13,3050707;52,51255492
216998;11;8;8200623;2021;11;13;7;3;3;6;0;0;1;0;0;0;0;0;801995,5496;5820644,831;13,44510229;52,45232249
216997;11;8;8100102;2021;10;23;7;3;6;7;2;0;1;1;0;0;0;0;800406,933;5823337,386;13,42421887;52,4773324
216996;11;7;7200307;2021;10;22;4;3;0;1;2;0;0;0;0;0;1;0;794636,7209;5824532,079;13,34056195;52,49118567
216995;11;9;9100407;2021;11;10;6;2;0;7;0;1;0;0;0;0;0;0;805933,7771;5820317,184;13,50257624;52,44719625
216994;11;4;4501042;2021;11;16;3;3;6;4;2;0;1;1;0;0;0;1;793521,7789;5825707,235;13,3252232;52,5023211
216993;11;12;12601031;2021;10;22;4;3;5;3;2;0;1;0;0;0;1;0;793487,4223;5836483,428;13,33424351;52,59894209
216992;11;3;3400828;2021;10;16;6;3;5;3;0;0;1;0;0;0;0;1;800125,1321;5831772,903;13,42769074;52,5530979
216991;11;2;2500833;2021;10;22;1;2;6;2;2;0;1;1;0;0;0;0;802996,8814;5826892,541;13,46546986;52,50776627
216990;11;12;12500928;2021;10;8;6;3;2;6;0;0;1;0;0;0;0;0;791769,4669;5836885,957;13,30930566;52,60347515
216989;11;10;10200418;2021;11;18;2;3;5;2;1;0;1;0;0;0;1;1;811292,9025;5831567,052;13,59168902;52,544986
216988;11;4;4300416;2021;11;21;5;3;5;7;2;0;1;0;1;0;0;1;791780,3073;5825924,672;13,29983085;52,50520442
216987;11;7;7400823;2021;11;8;3;2;5;3;0;0;0;0;1;0;1;0;797277,7713;5821223,797;13,37639803;52,46009845
216986;11;9;9200715;2021;10;12;2;3;6;2;0;0;1;1;0;0;0;1;808176,9043;5818868,989;13,53414227;52,43295769
216985;11;4;4100102;2021;10;5;5;3;2;2;2;0;1;0;0;0;1;0;791203,7474;5829140,204;13,29417528;52,53433944
216984;11;5;5200420;2021;10;20;2;2;2;2;2;0;1;0;1;0;1;0;781884,2671;5829131,224;13,15713954;52,53915916
216983;11;3;3400831;2021;11;13;2;3;6;4;0;0;0;1;0;0;1;1;799940,1747;5833850,57;13,42684901;52,57182246
216982;11;8;8300934;2021;11;20;6;3;0;2;2;1;1;0;0;0;0;0;803155,4197;5818426,131;13,46010575;52,43179426
216981;11;1;1100205;2021;11;19;1;3;5;2;2;1;1;0;0;0;0;1;796952,633;5826789,541;13,37658503;52,51016658
216980;11;1;1300733;2021;10;16;2;3;2;6;0;0;1;0;0;0;1;0;797668,339;5831881,096;13,39165935;52,55541594
216979;11;10;10400836;2021;10;11;2;3;5;3;0;1;1;0;0;0;0;0;811155,1;5827124,658;13,58550709;52,50525497
216978;11;12;12601235;2021;11;2;7;3;2;7;2;0;1;0;0;0;0;0;794432,4646;5836240,152;13,34794001;52,59625044
216977;11;1;1100311;2021;11;14;1;3;1;7;0;0;1;0;0;0;0;1;799882,9852;5827832,076;13,42057406;52,51790827
216976;11;11;11200513;2021;10;7;5;2;0;2;1;0;1;0;0;0;1;0;804372,5135;5830844,997;13,48929353;52,54242473
216975;11;12;12200309;2021;10;14;6;3;0;6;0;0;1;0;1;0;0;0;793543,8508;5832384,229;13,33144393;52,56216499
216974;11;9;9501737;2021;10;16;2;3;5;3;0;1;1;0;0;0;0;0;815033,2326;5821296,513;13,6369516;52,45080528
216973;11;9;9100304;2021;10;14;6;3;0;4;0;0;0;1;1;0;0;0;804604,2134;5822063,884;13,48466697;52,46359376
216972;11;1;1200519;2021;11;12;4;3;0;5;0;1;1;0;0;0;0;1;793857,2091;5829136,377;13,33317954;52,53288097
216971;11;10;10200421;2021;11;15;5;3;5;2;0;1;1;0;0;0;0;0;812063,1643;5830615,118;13,60211684;52,536015
216970;11;2;2300315;2021;10;12;6;3;5;2;0;1;1;0;0;0;0;0;800461,8925;5825774,294;13,42722266;52,49914508
216969;11;1;1100416;2021;10;7;3;3;5;3;0;1;1;0;0;0;0;0;798590,4818;5829516,136;13,40309469;52,53371271
216968;11;6;6300526;2021;10;13;4;3;2;3;0;0;1;0;1;0;0;0;789407,7417;5817968,418;13,25807074;52,43513747
216967;11;2;2400521;2021;10;12;2;2;5;3;0;0;1;0;1;0;0;0;801250,445;5827841,258;13,44067446;52,51723693
216966;11;5;5100104;2021;11;9;1;3;5;3;0;0;1;0;0;0;0;1;785763,6115;5831744,42;13,21643265;52,56056795
216965;11;2;2300315;2021;10;17;4;3;5;3;0;1;0;0;0;0;1;0;800597,6807;5826214,523;13,42961433;52,50301622
216964;11;9;9100101;2021;10;15;4;3;1;5;0;1;1;0;0;0;0;0;801668,9235;5824894,733;13,44415345;52,49059558
216963;11;6;7300619;2021;11;13;7;3;0;7;0;0;0;0;1;0;0;1;794819,6902;5821586,192;13,34064454;52,46467876
216962;11;8;8100314;2021;11;19;3;3;2;6;2;0;1;0;0;0;0;0;800343,4956;5824377,491;13,42422462;52,48669018
216961;11;1;1401043;2021;11;12;7;3;2;2;0;0;1;0;1;0;0;0;795682,3529;5830937,161;13,36161102;52,54803632
216960;11;5;5200631;2021;10;12;1;3;2;6;0;0;1;0;1;0;0;0;785074,5643;5827586,476;13,20272739;52,52364939
216959;11;4;4501041;2021;10;13;7;3;5;7;0;0;1;0;0;0;0;0;793140,1744;5825596,609;13,31952001;52,50153453
216958;11;1;1200624;2021;11;18;4;3;5;2;2;1;1;0;0;0;0;0;795668,8498;5829732,424;13,36034021;52,5372443
216957;11;6;6100103;2021;11;6;5;3;6;4;2;0;0;1;0;0;1;0;793946,9981;5821464,575;13,3277286;52,4640587
216956;11;6;6400838;2021;10;18;7;3;2;6;0;0;1;0;0;0;0;0;788442,5045;5821531,317;13,24698873;52,46759078
216955;11;3;3701554;2021;10;10;4;3;5;5;0;0;1;0;0;0;1;0;798943,5147;5829969,41;13,40869159;52,53758213
216954;11;10;10100315;2021;11;17;4;2;2;7;2;0;1;0;0;0;0;0;809783,0025;5830680,889;13,56866832;52,53790517
216953;11;12;12500824;2021;11;16;3;3;1;5;1;0;1;0;0;1;1;1;791140,7708;5836676,613;13,29986444;52,60193548
216952;11;9;9401329;2021;10;10;5;3;2;6;0;0;1;0;0;0;0;0;812399,5438;5819581,993;13,59671971;52,43695222
216951;11;1;1100102;2021;10;3;5;3;9;1;2;0;0;0;1;0;0;0;795142,3508;5827068,305;13,35023554;52,51364795
216950;11;7;7400721;2021;10;15;2;3;5;3;0;0;1;0;1;0;0;0;797827,9656;5822536,161;13,38564328;52,47156279
216949;11;6;6100205;2021;11;11;6;2;0;1;0;0;0;0;1;0;0;1;795238,1313;5819621,85;13,34504914;52,4468437
216948;11;4;4200311;2021;11;18;1;2;5;2;2;0;1;0;0;0;0;1;790449,35;5825976,206;13,28032171;52,5063766
216947;11;8;8100103;2021;11;12;5;3;2;6;0;0;1;0;0;0;0;1;800688,7622;5822945,878;13,42800306;52,47366808
216946;11;6;6100101;2021;11;16;2;3;1;5;1;1;1;0;0;0;0;0;793230,167;5820597,14;13,3164454;52,45666755
216945;11;2;2100106;2021;10;19;7;3;5;2;2;1;1;0;0;0;0;0;798578,3304;5825563,167;13,39936879;52,4982864
216944;11;3;3400724;2021;10;16;4;3;2;6;1;0;1;0;0;0;0;0;800004,8158;5834937,114;13,42878314;52,58152576
216943;11;9;9501939;2021;10;9;2;3;5;2;0;1;0;0;0;0;1;0;810936,7101;5821596,922;13,57714515;52,4558427
216942;11;9;9502043;2021;11;9;2;3;5;3;0;0;1;0;0;0;0;0;809221,3936;5823026,352;13,55330587;52,46962613
216941;11;7;7601341;2021;11;13;5;3;5;2;0;1;0;0;0;0;1;0;798077,2823;5814312,488;13,3819707;52,39771026
216940;11;6;6200317;2021;11;11;7;2;6;4;0;0;1;1;0;0;0;0;796244,3686;5817025,442;13,35751082;52,42302453
216939;11;11;11300722;2021;10;17;3;3;5;2;0;1;1;0;0;0;0;0;804253,6095;5827663,143;13,48463403;52,51397351
216938;11;9;9501940;2021;10;21;5;3;5;2;2;1;0;0;0;0;1;1;811170,2551;5821573,338;13,58054915;52,45549845
216937;11;12;12601032;2021;11;7;6;3;1;5;0;0;1;0;0;0;1;0;793507,3156;5837540,939;13,3354741;52,60841119
216936;11;10;10200629;2021;11;15;4;3;6;2;1;0;1;1;0;0;0;1;811027,0006;5828904,114;13,5852889;52,52127439
216935;11;1;1200627;2021;10;22;5;3;3;6;2;0;1;0;0;0;0;0;795510,8513;5828358,126;13,35679578;52,5250106
216934;11;12;12200309;2021;10;0;5;3;5;7;2;0;1;0;0;0;1;0;793342,5928;5832794,325;13,32884603;52,56594973
216933;11;11;11200513;2021;10;8;7;3;5;3;0;0;1;0;0;0;0;1;804488,497;5830804,369;13,49096126;52,5419958
216932;11;2;2200208;2021;10;3;6;2;0;1;2;0;0;0;0;0;1;0;797302,6188;5824832,171;13,37997938;52,49243028
216931;11;6;6300524;2021;11;15;2;3;5;2;0;1;0;0;0;1;0;1;787536,9182;5817032,408;13,22982201;52,42773211
216930;11;10;10100210;2021;11;16;5;2;6;4;2;0;1;1;0;0;0;1;808860,977;5831777,699;13,55613683;52,54825778
216929;11;4;4300619;2021;11;12;3;3;2;6;0;0;1;0;0;0;0;0;791833,2122;5827445,502;13,30194174;52,5188101
216928;11;7;7400822;2021;10;3;1;3;5;3;2;1;1;0;0;0;0;0;796418,1847;5820706,298;13,363324;52,45592642
216927;11;1;1100312;2021;10;19;5;2;4;6;2;1;1;0;0;0;1;0;799468,9296;5826591,191;13,41337354;52,50701314
216926;11;2;2200212;2021;10;14;3;3;2;6;0;0;1;0;0;0;0;0;799623,8838;5824499,909;13,41376861;52,48818286
216925;11;4;4501153;2021;11;17;3;3;5;2;2;1;1;0;0;0;0;0;793883,9112;5823108,59;13,32825099;52,47883054
216924;11;4;4300624;2021;11;8;6;3;6;4;0;0;1;1;0;0;0;1;792862,9297;5826217,874;13,31599379;52,50725282
216923;11;2;2300315;2021;11;22;1;2;6;2;2;0;1;1;0;0;0;0;800588,5588;5825975,064;13,4292642;52,5008749
216922;11;3;3500934;2021;10;7;3;3;6;4;0;0;0;1;0;0;1;1;800917,9337;5832080,97;13,43962792;52,55542172
216921;11;1;1100309;2021;10;8;4;3;5;3;0;1;1;0;0;0;0;0;797948,6778;5828786,066;13,39300642;52,5275198
216920;11;1;1100313;2021;10;15;1;3;1;5;0;0;1;0;1;0;0;0;799912,6304;5826953,806;13,42021809;52,51001968
216919;11;7;7601340;2021;11;17;7;3;6;4;2;0;1;1;0;0;0;1;795825,4139;5816018,405;13,35047739;52,41422371
216918;11;1;1100207;2021;11;10;1;3;5;3;0;0;1;0;0;0;0;0;798024,3327;5826692,031;13,39224245;52,50870809
216917;11;9;9401330;2021;11;12;4;3;6;2;0;0;1;1;0;0;0;0;811900,2127;5817887,213;13,58781749;52,42204947
216916;11;10;10400938;2021;11;16;6;3;6;7;1;0;1;1;0;0;0;0;813416,0678;5829584,877;13,62102702;52,52600686
216915;11;3;3501038;2021;10;13;6;3;6;7;0;0;0;1;0;0;1;0;803721,3771;5831992,814;13,48077134;52,55307551
216914;11;1;1100205;2021;10;17;6;3;6;4;1;0;1;1;0;0;0;1;797013,8682;5826727,899;13,37742967;52,50958069
216913;11;3;3500932;2021;10;6;2;3;5;2;2;0;0;0;0;0;1;0;802058,8954;5832780,239;13,45704236;52,56105761
216912;11;5;5300737;2021;10;14;6;3;2;6;0;0;1;0;0;0;0;0;787356,2466;5830054,244;13,23839928;52,54457651
216911;11;6;6200422;2021;11;1;3;2;8;1;2;0;1;0;0;0;0;1;794118,6358;5817425,461;13,32669191;52,42775726
216910;11;6;6200312;2021;11;7;5;3;2;6;2;0;1;0;0;0;0;1;794288,5111;5819314,779;13,33084643;52,44460291
216909;11;1;1100103;2021;10;17;6;3;3;2;0;0;1;0;1;0;0;0;795271,5508;5826057,543;13,35123727;52,50451731
216908;11;1;1300733;2021;10;9;6;3;0;1;0;1;0;0;0;0;0;0;797189,7327;5831917,16;13,384653;52,55600058
216907;11;1;1300834;2021;10;14;3;3;5;3;0;0;1;0;0;0;1;0;797836,4476;5830459,573;13,39285668;52,54258196
216906;11;4;4300623;2021;10;17;3;3;1;5;0;1;1;0;0;0;0;0;791950,7527;5826452,004;13,30279742;52,50984068
216905;11;11;11400931;2021;10;19;2;3;6;4;1;1;0;1;0;0;0;1;805678,5726;5827215,643;13,50515629;52,50916616
216904;11;4;4200206;2021;10;17;7;2;5;3;1;1;1;0;0;0;0;0;787834,8322;5825830,603;13,24178119;52,50645689
216903;11;3;3400725;2021;10;13;6;3;2;6;0;0;1;0;0;0;1;0;799993,8024;5835316,402;13,42896441;52,58493146
216902;11;6;6200312;2021;11;19;2;3;2;2;2;0;1;0;0;0;0;0;794314,3425;5819252,125;13,3311702;52,44402734
216901;11;4;4501150;2021;11;17;5;3;1;5;2;0;1;0;0;0;0;1;793621,2775;5823945,515;13,3251321;52,48647451
216900;11;6;6400842;2021;11;17;3;3;1;5;2;0;1;0;0;0;0;0;789943,666;5819779,136;13,26750332;52,45108733
216899;11;1;1100206;2021;10;23;7;3;5;3;2;1;1;0;0;0;0;0;797882,3012;5828175,552;13,39148401;52,52208359
216898;11;12;12500825;2021;10;14;5;3;2;2;0;0;1;0;0;1;0;0;791562,698;5834401,34;13,30407403;52,58131232
216897;11;1;1300733;2021;10;14;3;3;6;7;0;0;1;1;0;0;0;0;797159,69;5831388,356;13,38373783;52,55127689
216896;11;7;7501029;2021;11;13;2;3;5;3;0;0;1;0;0;0;0;1;797538,7739;5819909,738;13,37905738;52,4481772
216895;11;4;4501149;2021;11;9;5;3;5;7;0;1;0;0;0;0;1;0;793461,2992;5824570,633;13,32333336;52,49216447
216894;11;4;4501042;2021;11;14;7;3;0;5;0;1;0;0;0;0;1;1;793581,9981;5825453,983;13,32588455;52,50001841
216893;11;7;7400927;2021;10;8;3;2;5;7;0;0;1;0;0;0;0;1;798897,2462;5821310,369;13,40024062;52,45999112
216892;11;4;4501043;2021;11;17;7;2;6;2;2;0;1;1;0;0;0;1;792833,3402;5824335,7;13,31390418;52,4903956
216891;11;5;5200632;2021;11;18;2;2;1;1;1;0;1;0;0;1;0;1;785271,6458;5827745,904;13,20576114;52,52497573
216890;11;4;4501041;2021;10;14;5;3;5;2;0;1;1;0;0;0;0;0;793508,594;5825732,312;13,32505162;52,50255299
216889;11;7;7100206;2021;10;11;6;3;0;2;0;0;1;0;0;1;1;1;796006,918;5824629,578;13,36077082;52,49131838
216888;11;4;4300620;2021;10;19;2;3;5;3;1;1;1;0;0;0;0;1;794161,275;5826991,393;13,33575209;52,51348847
216887;11;4;4200310;2021;10;20;6;3;5;7;2;0;1;0;0;0;0;0;789287,5368;5826790,634;13,2639597;52,51429547
216886;11;4;4300412;2021;11;19;3;3;2;6;2;0;1;0;0;0;0;0;791334,5556;5827466,973;13,29463226;52,51926922
216885;11;8;8100311;2021;11;19;5;3;5;2;2;1;1;0;0;0;0;1;800648,4708;5824399,048;13,42872195;52,48671554
216884;11;1;1100309;2021;10;18;6;3;1;5;1;1;0;0;0;0;1;0;798981,8662;5828819,329;13,40822092;52,52725232
216883;11;6;6200422;2021;10;14;3;3;3;2;0;0;1;0;1;0;0;0;794106,6691;5817427,502;13,32651821;52,427782
216882;11;6;6400841;2021;10;14;3;3;0;6;0;0;0;0;0;0;1;0;789858,1979;5818759,929;13,26536484;52,44199511
216881;11;2;2100105;2021;10;16;2;3;5;3;0;0;1;0;0;0;1;0;799592,1036;5825837,826;13,4145051;52,50019274
216880;11;1;1300835;2021;11;7;3;3;1;7;0;0;0;0;0;1;1;1;797045,909;5830249,1;13,38104575;52,54112687
216879;11;11;11300616;2021;10;16;4;3;5;2;0;0;1;0;1;0;0;0;802947,675;5829805,57;13,46740009;52,53390261
216878;11;1;1100309;2021;10;20;4;3;5;2;2;1;0;1;0;0;1;0;797942,056;5828782,642;13,39290603;52,52749272
216877;11;7;7501031;2021;11;11;7;2;5;3;0;0;0;0;1;0;0;0;799173,0668;5819951,615;13,40307084;52,44766074
216876;11;7;7400927;2021;11;13;3;3;0;1;0;0;0;0;1;0;0;1;798182,8691;5820934,416;13,38942163;52,45701138
216875;11;2;2300419;2021;11;18;7;3;6;7;2;0;0;1;0;0;1;0;801263,4841;5825678,703;13,43890897;52,49784636
216874;11;3;3200207;2021;10;11;1;2;5;3;0;0;1;0;1;0;0;0;798503,6078;5835385,178;13,4070968;52,58636762
216873;11;5;5200630;2021;10;13;7;3;5;3;0;1;1;0;0;0;0;0;784504,1331;5827381,094;13,19416659;52,52210589
216872;11;5;5100208;2021;11;17;4;3;5;2;2;0;1;0;0;0;1;0;781547,642;5830703,526;13,15352222;52,55343124
216871;11;11;11400931;2021;11;12;6;3;5;2;0;0;1;0;0;0;0;0;806695,5862;5826907,301;13,5198106;52,50583195
216870;11;5;5100101;2021;10;5;2;3;1;1;2;0;1;0;0;0;0;1;784923,6398;5832224,094;13,20448715;52,56530885
216869;11;5;5100316;2021;10;15;4;3;6;4;0;0;1;1;0;0;0;0;785164,232;5829375,472;13,20558023;52,5396425
216868;11;1;1100310;2021;11;15;5;3;2;2;0;0;1;0;0;0;0;0;799114,672;5828969,657;13,41030796;52,52852694
216867;11;8;8200726;2021;11;17;4;3;2;6;1;0;1;0;0;0;0;1;801498,9186;5820450,152;13,43764042;52,45085167
216866;11;1;1401048;2021;10;14;5;3;5;2;0;1;1;0;0;0;0;0;795297,9049;5831409,834;13,35637821;52,55248195
216865;11;3;3601347;2021;10;8;5;3;1;5;0;1;1;0;0;0;0;1;799490,6145;5830409,636;13,41713075;52,54122768
216864;11;2;2500835;2021;10;13;2;3;1;5;0;0;1;0;0;0;0;0;803017,6474;5826053,037;13,4650109;52,50023037
216863;11;3;3200309;2021;11;6;6;3;6;4;1;0;1;1;0;0;0;1;800362,8646;5836347,477;13,43533014;52,59396949
216862;11;1;1401045;2021;11;10;2;3;0;1;0;1;0;0;0;0;0;1;796441,6708;5831935,327;13,37366753;52,55657113
216861;11;7;7501029;2021;11;17;4;2;2;6;2;0;1;0;0;0;0;0;797514,6244;5820073,757;13,37884917;52,44966061
216860;11;8;8301037;2021;11;18;2;3;1;5;2;0;1;0;0;0;0;0;804589,9715;5817455,027;13,48025704;52,42229363
216859;11;3;3601245;2021;10;20;7;3;5;2;2;1;1;0;0;0;0;0;800193,0477;5830930,861;13,42792824;52,54551304
216858;11;7;7100206;2021;10;14;4;3;5;2;0;1;0;0;0;0;1;0;796555,8954;5824856,211;13,36903454;52,49305197
216857;11;1;1100205;2021;10;8;2;3;2;6;0;0;1;0;0;0;0;0;796955,6821;5826749,357;13,37659398;52,50980472
216856;11;10;10100313;2021;11;6;2;2;5;2;1;1;1;0;0;0;0;0;808514,3391;5831162,12;13,55046922;52,54293752
216855;11;11;11100102;2021;11;14;5;3;2;6;0;0;1;0;0;0;0;0;807995,9333;5833888,478;13,54537854;52,56766392
216854;11;9;9501737;2021;11;9;1;2;8;1;0;0;0;0;1;0;0;1;815871,7337;5821217,539;13,64917469;52,44961383
216853;11;5;5300735;2021;10;19;3;3;5;2;2;0;1;0;0;0;0;1;786568,6339;5830554,345;13,22724823;52,5494751
216852;11;3;3500933;2021;10;15;5;3;5;2;0;0;1;0;0;0;0;1;802411,9609;5832569,021;13,4620424;52,55896854
216851;11;1;1100309;2021;11;22;6;3;1;5;2;1;1;0;0;0;0;0;798556,2446;5828956,995;13,40208927;52,52871956
216850;11;8;8100312;2021;10;19;5;3;1;5;2;0;1;0;0;1;0;0;800934,8749;5824238,235;13,43278194;52,48511634
216849;11;3;3701660;2021;10;12;6;3;1;7;0;1;1;0;0;0;0;0;800807,3501;5829515,752;13,4356788;52,53249035
216848;11;5;5200420;2021;10;10;7;3;5;3;0;0;1;0;0;0;0;0;782152,6743;5827887,775;13,16003096;52,52787096
216847;11;5;5400944;2021;10;14;6;2;5;2;0;0;1;0;1;0;0;0;781887,1925;5820011,31;13,14946353;52,45738337
216846;11;5;5100101;2021;11;14;3;2;8;1;0;0;1;0;0;0;0;0;784978,158;5834359,977;13,20712514;52,58443029
216845;11;7;7200308;2021;11;7;6;3;2;6;0;0;1;0;0;0;0;1;795008,2153;5823325,314;13,3449496;52,48016716
216844;11;1;1100309;2021;11;23;5;3;6;6;2;0;1;1;0;0;0;1;798631,4004;5828439,313;13,40272894;52,5240381
216843;11;4;4501153;2021;10;14;1;2;1;5;0;0;1;0;1;0;0;0;794092,4912;5823927,744;13,33203601;52,48606158
216842;11;3;3501037;2021;10;14;5;3;1;5;0;0;1;0;0;0;1;0;803056,1681;5832648,584;13,47158879;52,55932351
216841;11;4;4501043;2021;10;17;3;3;5;2;0;1;1;0;0;0;0;0;792939,0802;5825266,704;13,31627577;52,49868503
216840;11;8;8100206;2021;11;14;2;3;5;3;0;1;0;0;0;0;1;1;800699,3132;5823542,353;13,42869573;52,47900869
216839;11;5;5300735;2021;11;11;7;3;4;6;0;0;1;0;1;0;0;0;786706,3845;5831195,628;13,22982801;52,5551521
216838;11;2;2300315;2021;11;15;2;3;5;3;0;0;1;0;0;0;0;0;800788,8448;5825815,705;13,43206196;52,49933615
216837;11;11;11200410;2021;10;6;3;2;0;1;0;0;0;0;1;0;0;1;805002,0398;5833004,651;13,50053136;52,56142836
216836;11;4;4200308;2021;11;14;7;3;2;6;0;0;1;0;0;0;0;1;790325,3196;5827297,26;13,27965194;52,51828599
216835;11;3;3601245;2021;11;17;2;3;5;2;2;1;0;0;0;1;0;1;800191,135;5830951,57;13,42791883;52,54569971
216834;11;1;1300731;2021;11;21;3;3;1;5;2;1;1;0;0;0;0;1;797409,8288;5833146,425;13,38899162;52,56689922
216833;11;4;4300518;2021;11;6;6;3;1;5;1;1;1;0;0;0;0;1;791424,4864;5828733,681;13,29706399;52,53057703
216832;11;9;9501737;2021;10;19;6;3;5;2;2;0;1;0;1;0;0;0;814717,269;5821936,671;13,63292072;52,45672363
216831;11;7;7400720;2021;10;15;1;3;5;3;0;0;1;0;1;0;0;0;796837,3596;5822819,062;13,37135413;52,47463792
216830;11;7;7501134;2021;10;19;7;3;1;5;2;0;1;0;0;0;0;0;798286,1524;5818960,924;13,38917499;52,4392649
216829;11;3;3100103;2021;11;22;3;2;0;1;2;0;0;0;1;0;0;1;804128,6478;5841215,889;13,49522878;52,63550934
216828;11;2;2200208;2021;11;14;5;3;5;2;0;1;1;0;0;0;0;1;797909,8182;5825272,649;13,38929028;52,4960476
216827;11;1;1100309;2021;10;11;7;3;0;1;0;1;0;0;0;0;0;0;798500,4491;5828387,033;13,40075759;52,52364119
216826;11;2;2300316;2021;10;16;6;3;5;3;0;1;1;0;0;0;0;0;800733,9316;5826517,516;13,43188928;52,50565695
216825;11;2;2100102;2021;10;12;3;3;2;6;0;0;1;0;0;0;0;0;798301,041;5826138,752;13,39581175;52,50359743
216824;11;8;8200832;2021;10;6;4;3;5;2;2;0;1;0;1;0;0;0;801024,9517;5817071,556;13,42764463;52,42082909
216823;11;10;10300734;2021;10;17;2;3;5;2;1;1;1;0;0;0;0;0;808798,212;5826345,182;13,55017018;52,49960842
216822;11;8;8200726;2021;11;10;3;3;5;2;0;0;1;0;0;0;0;1;802369,5057;5819918,144;13,44993079;52,44560238
216821;11;12;12100102;2021;10;13;4;3;2;6;0;0;1;0;1;0;0;0;796736,7098;5833528,851;13,37943185;52,57069453