OBJECTID;LAND;BEZ;LOR_ab_2021;UJAHR;UMONAT;USTUNDE;UWOCHENTAG;UKATEGORIE;UART;UTYP1;ULICHTVERH;IstRad;IstPKW;IstFuss;IstKrad;IstGkfz;IstSonstige;USTRZUSTAND;LINREFX;LINREFY;XGCSWGS84;YGCSWGS84,,,,
216613;11;9;9200715;2021;10;11;1;3;2;2;0;0;1;0;0;0;0;0;807716,3288;5818115,271;13,52669539;52,42646196
216612;11;8;8200730;2021;10;13;7;2;1;5;0;0;0;0;1;0;1;0;801780,0207;5818302,746;13,43982525;52,43144879
216611;11;8;8100314;2021;11;22;5;3;5;3;2;0;1;0;0;0;0;1;801071,6524;5823987,328;13,43456352;52,482792
216610;11;9;9200613;2021;11;19;5;3;2;6;2;0;1;0;0;0;0;0;807677,6918;5820991,536;13,52877662;52,45226137
216609;11;3;3701659;2021;10;9;2;3;6;7;0;0;1;1;0;0;0;0;800042,3022;5829518,599;13,42443664;52,53293753
216608;11;11;11300722;2021;10;7;4;3;5;2;0;1;1;0;0;0;0;0;803886,8349;5827888,421;13,47945155;52,51619707
216607;11;2;2400623;2021;11;11;5;3;5;2;0;1;1;0;0;0;0;0;801068,6989;5827113,233;13,43734543;52,51081187
216606;11;4;4400835;2021;11;11;3;3;5;2;0;0;1;0;1;0;0;1;793036,507;5822008,492;13,31484261;52,46942384
216605;11;6;6200317;2021;10;13;5;3;5;3;0;0;1;0;0;0;1;0;795894,7704;5816508,393;13,35192738;52,41857866
216604;11;3;3400721;2021;10;15;5;3;1;5;0;1;1;0;0;0;0;1;798259,97;5833397,704;13,40172322;52,56868647
216603;11;1;1100312;2021;10;15;2;3;1;5;0;1;1;0;0;0;0;0;799712,4594;5827312,969;13,41760087;52,51334903
216602;11;5;5100314;2021;11;14;6;3;5;3;0;0;1;0;1;0;0;1;784900,2106;5830497,765;13,20266052;52,54984301
216601;11;4;4501043;2021;11;7;2;3;1;5;0;0;1;0;1;0;0;1;792604,8729;5824929,312;13,31107019;52,49583969
216600;11;7;7601341;2021;11;13;5;2;6;4;0;0;1;1;0;0;0;1;798081,6462;5814499,868;13,38220136;52,39938756
216599;11;6;6400838;2021;11;8;2;3;5;3;0;0;1;0;0;0;0;1;788489,0957;5821521,05;13,2476638;52,46747413
216598;11;3;3400724;2021;10;12;7;3;2;6;0;1;1;0;0;0;0;0;800002,2602;5834961,477;13,42876759;52,58174554
216597;11;10;10300734;2021;10;12;5;3;5;2;0;0;1;0;0;0;0;0;809581,6716;5824943,404;13,5603724;52,48660223
216596;11;5;5100314;2021;10;10;2;3;2;6;0;0;1;0;0;0;0;0;785149,549;5829617,599;13,20557215;52,54182107
216595;11;5;5300736;2021;10;21;4;3;5;2;2;0;1;0;0;0;0;0;785975,4481;5829217,791;13,21737309;52,53780364
216594;11;4;4501149;2021;11;13;7;3;5;2;0;1;1;0;0;0;0;0;793453,1353;5824404,532;13,32306717;52,49067983
216593;11;9;9200715;2021;11;9;2;3;5;3;0;1;1;0;0;0;0;1;809308,7729;5818515,674;13,5504115;52,42915252
216592;11;11;11300620;2021;11;19;3;3;5;2;2;0;1;0;0;0;0;0;803554,9732;5829754,264;13,47627905;52,53310489
216591;11;1;1200517;2021;11;16;2;3;5;3;0;0;1;0;0;0;0;0;794421,3958;5829388,612;13,34169647;52,53483763
216590;11;5;5400944;2021;10;8;7;3;7;7;0;1;0;0;0;0;0;0;781504,2149;5819762,596;13,1436323;52,45535062
216589;11;1;1100207;2021;10;11;7;2;5;2;0;0;1;0;1;0;0;0;797983,873;5826889,55;13,39182489;52,5105007
216588;11;5;5100209;2021;11;20;3;3;5;3;2;1;1;0;0;0;0;1;782816,8934;5830408,905;13,17194199;52,55013197
216587;11;8;2200212;2021;11;19;5;3;0;6;2;0;1;0;1;0;0;1;800295,8944;5824360,358;13,42351026;52,48656279
216586;11;2;2200209;2021;10;5;1;3;9;7;2;0;1;0;0;0;0;0;797739,0156;5824295,407;13,38590851;52,48738095
216585;11;4;4200311;2021;10;7;4;3;5;2;0;0;1;0;0;0;0;0;790479,8249;5826698,569;13,28139989;52,51283641
216584;11;4;4100101;2021;10;12;3;3;5;2;0;0;1;0;0;0;0;0;793341,673;5829714,923;13,32611175;52,53834505
216583;11;3;3300412;2021;11;10;5;3;1;5;0;1;1;0;0;0;0;0;802844,9702;5838284,528;13,47363336;52,60995417
216582;11;6;6400844;2021;11;7;3;3;1;5;0;1;1;0;0;0;0;1;792415,541;5821550,262;13,30532563;52,46564862
216581;11;6;6300528;2021;10;10;4;3;5;3;0;1;1;0;0;0;0;0;788955,3974;5816391,083;13,25007242;52,42123494
216580;11;4;4200310;2021;10;10;5;3;2;7;0;0;1;0;1;0;0;1;789520,0986;5826790,653;13,26737724;52,51417224
216579;11;1;1100101;2021;11;20;7;3;5;2;2;0;1;0;0;0;1;0;794920,9211;5825979,127;13,34601696;52,50400401
216578;11;10;10300734;2021;11;22;1;3;4;6;2;0;1;0;0;0;0;1;809554,3123;5826626,742;13,56153478;52,50170333
216577;11;2;2200211;2021;11;16;4;3;6;4;1;0;0;1;0;0;1;0;798326,1194;5824330,392;13,39456068;52,48737405
216576;11;8;8100417;2021;11;17;3;3;1;5;1;1;0;0;0;0;1;0;802259,5954;5823029,504;13,45113562;52,47355068
216575;11;1;1300834;2021;10;15;7;3;6;4;0;1;0;1;0;0;0;0;797694,797;5830704,218;13,39099336;52,5448523
216574;11;9;9200716;2021;10;14;4;2;0;3;0;1;1;0;0;0;0;0;809225,1386;5819304,099;13,54991445;52,43626561
216573;11;5;5400943;2021;10;6;1;2;8;1;2;0;1;0;0;0;0;0;781372,4831;5819763,385;13,14169943;52,45542553
216572;11;3;3501037;2021;10;15;1;3;2;1;0;1;0;0;0;0;0;0;802284,9262;5833102,527;13,46066018;52,5638208
216571;11;12;12100204;2021;11;7;4;3;2;3;0;0;1;0;0;0;1;0;795642,8683;5833008,348;13,36287528;52,56662396
216570;11;3;3601142;2021;11;18;5;3;5;2;2;1;0;0;1;0;0;1;799182,821;5831110,198;13,4132368;52,54767621
216569;11;5;5300735;2021;10;15;2;3;5;3;0;0;1;0;0;0;1;0;786552,9863;5830544,311;13,22700943;52,54939337
216568;11;2;2500830;2021;10;20;4;3;5;2;2;1;1;0;0;0;0;0;802435,142;5827419,528;13,45769721;52,51280133
216567;11;6;6200312;2021;11;17;6;2;6;4;1;0;1;1;0;0;0;0;795148,6928;5818816,722;13,34302581;52,43967448
216566;11;1;1401049;2021;11;9;4;3;5;3;0;1;1;0;0;0;0;1;795963,617;5831986,757;13,36668252;52,55729216
216565;11;5;5100315;2021;10;18;4;3;6;4;1;0;1;1;0;0;0;0;784614,052;5830325,818;13,19830424;52,54845094
216564;11;1;1100310;2021;10;23;5;3;5;3;2;0;1;0;0;0;0;0;799334,9445;5827578,404;13,41229322;52,51593556
216563;11;8;8200729;2021;10;21;6;3;1;7;2;0;1;0;0;0;0;1;801181,2838;5819239,205;13,43188888;52,4401726
216562;11;9;9200717;2021;10;21;1;3;5;2;2;1;1;0;0;0;0;1;809598,3906;5818911,171;13,55502377;52,43253311
216561;11;7;7601341;2021;10;12;6;3;2;6;0;0;1;0;1;0;0;0;797958,6481;5815768,729;13,38152777;52,41082862
216560;11;4;4400833;2021;11;18;2;2;6;2;2;0;1;1;0;0;0;0;791978,8517;5822378,659;13,29964078;52,47330867
216559;11;11;11400931;2021;11;14;5;3;0;3;0;0;1;0;1;0;0;1;806440,5459;5826889,172;13,51604804;52,50581277
216558;11;3;3501038;2021;11;14;4;3;5;2;0;0;1;0;0;0;1;0;803012,3562;5832020,517;13,47037116;52,5537187
216557;11;3;3200204;2021;10;18;1;3;2;2;1;0;1;0;1;0;0;0;798058,7291;5837199,096;13,40218218;52,60287061
216556;11;9;9501737;2021;10;15;5;3;1;5;0;0;1;0;0;0;0;0;813926,3656;5820763,858;13,62021678;52,44666884
216555;11;1;1100310;2021;10;7;3;3;5;3;0;1;1;0;0;0;0;0;799495,5852;5828134,949;13,41515451;52,52083594
216554;11;8;8100419;2021;11;13;2;3;6;4;0;0;1;1;0;0;0;1;802334,9508;5824074,354;13,45318897;52,48287403
216553;11;6;6100206;2021;11;11;7;2;5;7;0;1;1;0;0;0;0;0;794865,5692;5819702,531;13,33965441;52,44776802
216552;11;6;6200313;2021;11;7;2;3;2;6;0;0;1;0;0;0;0;1;795789,25;5818422,221;13,35207282;52,43579196
216551;11;9;9301024;2021;10;11;3;3;2;7;0;0;1;0;0;0;1;0;810722,7638;5815929,952;13,56874123;52,40517883
216550;11;2;2300315;2021;11;18;7;3;5;3;2;1;1;0;0;0;0;1;800678,1981;5825795,319;13,43041849;52,4992144
216549;11;11;11200411;2021;11;22;2;2;6;6;2;1;0;1;0;0;0;1;805605,2246;5831213,828;13,50775348;52,54504034
216548;11;4;4500939;2021;11;15;2;3;6;4;0;0;1;1;0;0;0;1;792760,1314;5824273,021;13,31277395;52,48987297
216547;11;1;1100206;2021;10;14;6;3;6;2;0;0;1;1;0;0;0;0;797404,4857;5827569,64;13,38392061;52,51691312
216546;11;2;2100101;2021;10;17;6;3;5;2;0;1;0;0;0;0;1;1;797665,6338;5826298,123;13,38662062;52,505373
216545;11;11;11200410;2021;10;12;2;3;5;2;0;0;1;0;0;0;0;0;805049,0342;5832926,902;13,50115101;52,56070522
216544;11;7;7400927;2021;10;16;6;3;5;2;0;0;1;0;1;0;0;0;798447,2798;5821056,973;13,39341104;52,45796564
216543;11;3;3601450;2021;11;17;3;2;6;7;2;0;1;1;0;0;0;0;801874,3437;5829865,77;13,45167896;52,53503769
216542;11;6;6100207;2021;11;16;5;2;5;3;1;1;1;0;0;0;0;1;794082,2019;5820369,672;13,32874848;52,45417061
216541;11;9;9301025;2021;10;9;7;2;6;4;0;0;1;1;0;0;0;0;808600,2957;5814981,51;13,53676615;52,39787901
216540;11;3;3300516;2021;10;15;3;2;2;6;0;0;1;0;0;0;1;0;801167,9309;5833191,459;13,444312;52,5652369
216539;11;12;12400619;2021;10;17;3;2;4;6;0;1;0;0;0;0;0;0;789537,3747;5836087,287;13,27574038;52,59750842
216538;11;7;7200307;2021;10;21;2;3;5;3;2;1;1;0;0;0;0;1;794530,5715;5824651,844;13,33910891;52,49231657
216537;11;11;11401137;2021;11;18;3;3;3;6;1;0;1;0;0;0;0;0;807109,9719;5825794,035;13,52487018;52,49562162
216536;11;5;5200629;2021;10;15;4;2;6;4;0;0;1;1;0;0;0;0;784569,9591;5828183,936;13,19582126;52,52926985
216535;11;4;4200309;2021;10;16;4;3;2;6;0;0;1;0;1;0;0;0;788828,6433;5827261,117;13,25762459;52,51875672
216534;11;6;6100207;2021;11;10;6;3;5;3;0;0;1;0;0;0;0;1;793966,0498;5819627,911;13,32639121;52,44758348
216533;11;3;3601245;2021;11;17;1;2;5;3;2;0;1;0;1;0;0;1;800611,1333;5830988,276;13,43412702;52,54579714
216532;11;1;1200623;2021;11;9;5;3;5;2;0;0;1;0;0;0;0;1;795039,0507;5829169,897;13,35058208;52,53254301
216531;11;1;1200629;2021;11;12;7;3;5;2;0;1;1;0;0;0;0;0;794497,2645;5827802,455;13,34140687;52,52057782
216530;11;1;1100308;2021;10;16;1;3;9;1;1;0;1;0;0;0;0;0;797002,835;5828944,464;13,37924659;52,52945577
216529;11;9;9501941;2021;10;19;7;3;4;6;2;1;0;0;0;0;0;0;812074,8367;5821030,198;13,59331104;52,4501155
216528;11;5;5400943;2021;11;12;5;3;2;7;0;0;1;0;0;0;0;0;781159,4003;5819723,019;13,13853782;52,45517324
216527;11;4;4200308;2021;11;9;6;3;5;3;0;0;1;0;0;0;0;0;790366,531;5827304,099;13,28026355;52,51832536
216526;11;6;6200312;2021;10;21;7;3;1;7;2;0;1;0;0;0;1;0;794460,6429;5818800,339;13,33291839;52,43989851
216525;11;9;9200512;2021;10;18;4;3;5;2;1;1;1;0;0;0;0;0;808150,6809;5821877,506;13,53653258;52,45993509
216524;11;12;12500825;2021;11;16;5;3;2;6;1;0;1;0;0;0;0;0;792749,2601;5835170,031;13,32221517;52,58756612
216523;11;3;3400724;2021;11;8;3;2;5;2;0;1;1;0;0;0;0;1;800027,0981;5834546,18;13,42875718;52,57800946
216522;11;8;8401243;2021;10;15;5;3;5;3;0;0;1;0;0;0;0;0;805349,693;5817310,434;13,49126271;52,42057431
216521;11;3;3601450;2021;10;10;5;3;0;1;0;0;0;0;1;0;0;1;802634,2819;5829556,023;13,4625667;52,53184005
216520;11;4;4400830;2021;10;15;6;3;0;1;0;0;0;0;1;0;0;1;791210,6728;5822720,45;13,28866158;52,47678293
216519;11;9;9501736;2021;11;23;1;2;9;1;2;0;1;0;0;0;0;1;812397,583;5821325,209;13,59832073;52,45257485
216518;11;7;7400822;2021;11;18;5;3;2;6;2;0;1;0;0;0;0;1;796818,7093;5821758,629;13,3701369;52,46514225
216517;11;1;1300732;2021;11;17;3;3;0;3;1;1;1;0;0;0;0;0;797591,9365;5832772,584;13,39133514;52,56344871
216516;11;8;8100207;2021;10;15;6;3;5;7;0;0;1;0;0;0;0;0;800716,8372;5823418,821;13,42884159;52,47789178
216515;11;4;4501146;2021;10;11;5;3;3;6;0;1;1;0;0;0;0;0;793309,5801;5823814,716;13,32043979;52,48546949
216514;11;11;11100204;2021;10;7;2;3;6;4;1;0;1;1;0;0;0;0;805806,4908;5833600,605;13,51291092;52,56631824
216513;11;10;10200422;2021;10;14;1;3;5;3;0;1;0;0;0;0;0;0;812448,0358;5831418,542;13,6085282;52,54299402
216512;11;7;7501029;2021;11;22;5;3;2;6;2;0;1;0;0;0;1;1;797537,2614;5819920,01;13,37904434;52,4482701
216511;11;5;5300736;2021;11;4;7;3;0;1;2;0;0;0;0;0;1;0;786778,9699;5830244,928;13,23007456;52,54659029
216510;11;6;6200422;2021;10;10;2;3;2;6;0;0;1;0;0;1;0;0;794084,497;5817433,745;13,32619854;52,42784988
216509;11;7;7400822;2021;10;9;5;3;5;2;0;0;1;0;1;0;0;0;796815,0175;5822356,35;13,37061442;52,47050228
216508;11;1;1200519;2021;11;0;6;3;0;7;2;1;0;0;0;0;0;1;793913,8261;5828577,902;13,33351806;52,52784405
216507;11;1;1401045;2021;10;1;5;3;8;1;2;0;1;0;0;0;0;0;796626,2426;5831921,983;13,37637012;52,55635102
216506;11;6;6400737;2021;10;19;6;3;5;7;2;0;1;0;0;0;0;1;787126,24;5817225,66;13,22396448;52,42968047
216505;11;3;3701554;2021;10;13;7;2;6;4;0;1;0;1;0;0;0;0;799026,9657;5829786,052;13,40975334;52,53589281
216504;11;8;8100311;2021;10;17;7;3;6;7;0;0;0;1;0;0;1;0;800889,2706;5824595,312;13,43243473;52,48834206
216503;11;3;3601346;2021;11;17;2;3;2;6;2;1;1;0;0;0;1;1;799423,2596;5831054,606;13,41672193;52,54704581
216502;11;4;4501147;2021;11;9;6;3;6;4;0;1;0;1;0;0;0;1;793376,4889;5824125,938;13,32169626;52,48822353
216501;11;4;4200311;2021;11;7;4;3;5;2;0;0;1;0;0;0;0;1;790501,4279;5826496,112;13,2815406;52,51100987
216500;11;4;4300517;2021;10;2;1;3;8;1;2;0;1;0;0;0;1;0;791693,3316;5827870,479;13,30025875;52,52269479
216499;11;8;8100104;2021;10;7;5;3;2;6;0;0;0;0;0;0;1;1;800858,5133;5822531,696;13,4301212;52,46986215
216498;11;3;3500933;2021;10;9;3;3;2;7;0;0;1;0;1;0;0;0;801945,2773;5832567,943;13,45517822;52,55921784
216497;11;7;7100206;2021;11;13;2;3;1;5;0;1;1;0;0;0;0;1;796831,8052;5824298,087;13,37258938;52,48789897
216496;11;1;1401047;2021;11;14;7;3;5;2;0;0;1;0;0;0;1;0;795523,4997;5830731,026;13,35909173;52,54627471
216495;11;12;12500929;2021;11;10;2;3;2;2;0;0;1;0;0;0;0;1;795288,629;5837671,484;13,36182016;52,60861667
216494;11;12;12601031;2021;10;7;4;3;2;2;0;0;1;0;0;0;0;1;792927,309;5837087,05;13,32653152;52,60465522
216493;11;5;5100208;2021;11;19;7;2;6;2;2;0;1;1;0;0;0;1;782372,2307;5830489,502;13,16547;52,55108533
216492;11;1;1100310;2021;11;20;1;3;5;2;2;0;1;0;0;0;0;1;799248,351;5828469,191;13,41182226;52,52396765
216491;11;8;8100209;2021;11;16;4;3;5;2;0;1;1;0;0;0;0;0;801290,6271;5822290,201;13,43624528;52,46745943
216490;11;4;4500938;2021;11;4;6;3;8;1;2;0;1;0;0;0;0;1;791160,5848;5824745,162;13,28969489;52,49496121
216489;11;4;4300416;2021;11;7;2;3;5;2;1;0;0;0;1;0;1;0;791863,8541;5826441,684;13,30151157;52,50979466
216488;11;9;9200715;2021;11;10;5;3;2;7;0;0;1;0;0;0;0;2;809506,4965;5818326,496;13,55313529;52,42734531
216487;11;1;1401046;2021;11;22;7;3;6;2;2;0;1;1;0;0;0;0;794893,882;5830255,095;13,3494112;52,54234954
216486;11;9;9200819;2021;10;18;2;3;0;7;0;0;0;0;0;0;1;0;809846,241;5820474,626;13,56010712;52,44640416
216485;11;5;5100314;2021;10;12;5;3;6;4;0;0;1;1;0;0;0;1;785150,7684;5829619,73;13,20559191;52,54183953
216484;11;9;9200510;2021;11;10;7;3;5;3;0;1;1;0;0;0;0;0;806552,0436;5822297,33;13,51346283;52,46459675
216483;11;6;6100210;2021;10;14;5;3;0;7;0;0;0;0;0;1;1;0;795265,6634;5820983,098;13,34665661;52,45903159
216482;11;12;12100205;2021;10;7;5;3;5;3;0;1;0;0;0;0;1;1;794804,5494;5834234,427;13,35163281;52,57806933
216481;11;9;9501737;2021;10;14;7;2;4;1;0;0;1;0;0;0;0;0;815262,0786;5824467,34;13,64330312;52,4790863
216480;11;4;4300412;2021;10;5;1;2;5;3;2;1;1;0;0;0;0;0;791660,735;5827541,028;13,29949078;52,51975876
216479;11;1;1100206;2021;10;11;6;3;2;6;0;0;1;0;1;0;0;0;797398,2009;5827737,342;13,38397818;52,51841979
216478;11;6;6100101;2021;11;14;2;2;6;4;0;0;0;1;0;1;0;0;793490,0427;5820651,948;13,32030723;52,4570194
216477;11;4;4300620;2021;11;17;5;3;6;4;2;0;1;1;0;0;0;1;793540,0672;5827905,997;13,32743128;52,52202214
216476;11;7;7501031;2021;11;15;4;3;1;4;0;0;1;1;0;0;0;0;798042,1075;5820208,02;13,38670783;52,45057682
216475;11;2;2200209;2021;10;16;1;3;3;6;0;0;1;0;1;0;0;0;796853,8211;5823981,32;13,37263054;52,48504749
216474;11;6;6400841;2021;10;19;5;3;5;3;2;0;1;0;0;0;0;0;790190,0755;5818819,251;13,27028533;52,44235094
216473;11;2;2500835;2021;10;14;3;3;6;4;0;0;1;1;0;0;0;0;803058,248;5826186,663;13,46572878;52,5014055
216472;11;1;1300733;2021;11;16;3;3;2;6;1;0;1;0;0;0;0;0;797157,9969;5831907,354;13,38417749;52,55593
216471;11;11;11300619;2021;11;1;7;3;9;1;2;0;1;0;0;0;0;0;803009,4899;5828694,293;13,46729585;52,52390809
216470;11;1;1100207;2021;11;11;2;3;5;3;0;1;1;0;0;0;0;0;797864,9741;5826764,483;13,38996617;52,50944457
216469;11;5;5200629;2021;10;15;3;2;1;5;0;1;0;0;0;0;1;1;784471,9725;5828460,572;13,19461744;52,53180133
216468;11;11;11300722;2021;11;12;7;2;4;6;0;0;1;0;0;0;0;0;803940,2823;5828664,768;13,48094609;52,52312542
216467;11;3;3500932;2021;11;20;1;3;2;6;2;0;1;0;0;0;0;1;802058,8968;5832762,495;13,45702623;52,56089858
216466;11;9;9501939;2021;11;14;3;3;6;4;0;1;0;1;0;0;0;1;811030,0237;5821829,475;13,57873063;52,45787365
216465;11;1;1400940;2021;11;18;6;3;3;6;1;1;1;0;0;0;0;1;795022,1672;5832177,86;13,35300578;52,55951608
216464;11;10;10100311;2021;10;10;6;3;5;3;0;0;1;0;0;0;0;0;806820,6083;5830314,432;13,5247895;52,53629682
216463;11;5;5100208;2021;10;16;6;3;3;1;0;1;1;0;0;0;0;1;781678,7671;5830480,223;13,15526165;52,5513612
216462;11;6;6400844;2021;10;17;7;2;6;4;1;0;1;1;0;0;0;0;791257,8469;5821407,072;13,28820751;52,46498329
216461;11;9;9200510;2021;11;15;4;3;6;4;0;1;0;1;0;0;0;0;806595,0403;5822109,026;13,51392078;52,46288498
216460;11;11;11400927;2021;11;9;5;3;5;3;0;0;1;0;0;0;0;1;803409,3717;5826631,222;13,47129075;52,50519489
216459;11;3;3601451;2021;10;9;6;3;1;5;0;1;1;0;0;0;0;0;801048,258;5829879,775;13,43954933;52,53562014
216458;11;3;3500936;2021;10;16;6;3;0;7;0;0;1;0;0;0;0;0;801589,6857;5831143,579;13,44865484;52,54664832
216457;11;4;4300619;2021;10;13;3;3;5;2;0;0;1;0;1;0;0;0;792138,957;5827439,564;13,30642972;52,51859316
216456;11;8;8100104;2021;10;11;4;3;1;5;0;1;1;0;0;1;0;0;800782,4092;5822704,381;13,4291599;52,47145189
216455;11;12;12601235;2021;10;11;2;3;5;3;0;0;1;0;0;0;0;0;795272,4958;5836364,431;13,36041672;52,59690903
216454;11;6;6100205;2021;11;15;3;3;2;2;0;0;1;0;1;0;0;1;795531,7;5819952,234;13,3496484;52,44964678
216453;11;12;12500930;2021;10;14;4;3;5;2;0;0;1;0;0;0;1;0;792353,105;5834071,089;13,31541487;52,57792765
216452;11;8;8200622;2021;11;23;6;3;5;3;1;0;1;0;0;0;1;1;801652,924;5821573,341;13,44091446;52,46083413
216451;11;4;4200203;2021;11;13;7;3;5;3;0;1;1;0;0;0;0;0;788310,7919;5826875,737;13,2496798;52,51557566
216450;11;5;5300735;2021;11;18;4;3;5;2;1;0;1;0;0;0;0;0;786567,6912;5830553,726;13,22723383;52,54947005
216449;11;3;3400724;2021;11;15;1;2;6;4;0;0;1;1;0;0;0;0;799953,7824;5834418,827;13,42756324;52,57690838
216448;11;5;5200420;2021;10;13;7;3;2;6;0;0;1;0;0;0;0;0;783126,0221;5828609,154;13,174955;52,53383438
216447;11;6;6200421;2021;10;15;7;3;1;1;0;1;1;0;0;0;0;1;793946,9837;5818443,335;13,32506945;52,43697443
216446;11;2;2200210;2021;11;19;4;3;5;3;2;0;1;0;0;0;0;0;798943,3559;5825242,189;13,4044419;52,49520945
216445;11;8;8100417;2021;11;14;6;3;5;3;0;1;1;0;0;0;0;0;802020,0114;5822909,205;13,44751009;52,47260494
216444;11;3;3200205;2021;10;18;7;3;5;2;1;1;1;0;0;0;0;0;798198,357;5835280,402;13,40251027;52,58559586
216443;11;6;6200313;2021;10;22;3;3;6;4;2;0;1;1;0;0;0;1;795366,2865;5818469,253;13,34591059;52,43644214
216442;11;11;11300721;2021;11;13;5;3;5;3;0;1;1;0;0;0;0;0;804919,7201;5829937,537;13,49650479;52,53398574
216441;11;6;6100102;2021;11;2;4;3;8;1;2;0;1;0;0;0;0;1;793793,6785;5820806,758;13,3248993;52,45824408
216440;11;3;3601453;2021;10;10;5;3;5;3;0;1;1;0;0;0;0;0;802881,6657;5828633,522;13,4653622;52,52343443
216439;11;2;2300417;2021;10;19;5;3;5;3;1;1;1;0;0;0;0;1;800510,645;5825448,053;13,42764435;52,49619403
216438;11;1;1200628;2021;10;21;6;3;9;1;2;0;0;0;1;0;0;0;796612,9963;5828721,212;13,37331754;52,52766681
216437;11;10;10200419;2021;11;6;2;3;6;2;1;0;1;1;0;0;0;1;811830,5982;5831480,786;13,59951151;52,54390549
216436;11;9;9200613;2021;11;16;5;3;5;3;1;1;1;0;0;0;0;1;805824,7548;5821876,437;13,50240504;52,46123204
216435;11;6;6300632;2021;11;16;2;3;2;6;2;0;1;0;0;0;0;0;792816,2933;5817558,724;13,30770913;52,42965053
216434;11;8;8100105;2021;10;15;7;3;6;4;0;0;1;1;0;0;0;0;800447,3096;5822013,439;13,42361922;52,46544309
216433;11;6;6100206;2021;10;18;5;2;5;3;2;1;1;0;0;0;0;0;794238,0953;5819389,236;13,33017236;52,44529752
216432;11;1;1401046;2021;10;15;3;3;5;7;0;1;1;0;0;0;0;0;795050,835;5829941,619;13,35144046;52,53945451
216431;11;1;1100312;2021;11;15;2;3;1;5;0;1;1;0;0;0;0;1;799147,793;5826948,686;13,40897735;52,51039374
216430;11;5;5200524;2021;11;9;5;3;5;3;0;0;1;0;0;0;1;0;780345,6741;5827611,941;13,13323173;52,52632993
216429;11;1;1100206;2021;11;1;1;3;5;3;2;0;1;0;0;0;0;0;797878,0887;5827467,419;13,39078803;52,51573836
216428;11;10;10100311;2021;10;10;3;3;2;6;0;0;1;0;0;0;0;1;806330,6357;5830178,518;13,51746286;52,53535435
216427;11;6;6400843;2021;11;11;5;3;2;2;0;0;1;0;0;0;0;0;791712,7072;5819389,167;13,29312106;52,44665011
216426;11;10;10100311;2021;10;14;5;3;5;2;0;1;1;0;0;0;0;0;807203,9153;5829146,089;13,52934344;52,52561018
216425;11;1;1100416;2021;10;9;6;3;5;3;0;1;1;0;0;0;0;0;798755,9685;5829618,285;13,40561898;52,53453765
216424;11;1;1401046;2021;10;23;7;3;5;2;2;0;1;0;0;0;0;0;794900,2109;5830245,536;13,34949577;52,54226042
216423;11;1;1300733;2021;10;16;6;2;6;7;0;1;0;1;0;0;0;0;797282,0498;5831910,379;13,3860046;52,55588942
216422;11;3;3601244;2021;11;10;3;3;5;3;0;1;1;0;0;0;0;0;800084,3778;5831671,474;13,42699977;52,55221122
216421;11;10;10200524;2021;11;7;6;2;6;7;0;0;1;1;0;0;0;1;813242,0184;5831053,498;13,61985376;52,53926706
216420;11;1;1100206;2021;11;13;4;3;5;2;0;1;1;0;0;0;0;0;798034,5078;5827395,429;13,39302184;52,51500761
216419;11;4;4400830;2021;10;22;1;3;6;4;2;0;1;1;0;0;0;0;792542,0606;5823083,697;13,30852754;52,47932785
216418;11;7;7200308;2021;10;17;3;3;5;5;0;0;0;0;1;0;1;0;794842,8803;5823753,204;13,34290054;52,48409223
216417;11;7;7400927;2021;10;12;4;3;6;7;0;0;0;1;0;0;1;0;797842,8234;5820909,781;13,38440991;52,45697597
216416;11;11;11100204;2021;11;15;2;3;2;6;0;0;1;0;0;0;0;0;805784,804;5833555,425;13,51255032;52,56592551
216415;11;5;5200631;2021;10;7;3;3;0;7;1;0;1;0;0;0;0;1;784737,0397;5827496,108;13,19768857;52,52301553
216414;11;1;1100102;2021;10;17;1;3;5;2;0;1;1;0;0;0;0;0;796117,8949;5826716,957;13,36425665;52,50996969
216413;11;1;1100206;2021;11;9;7;3;5;3;0;0;1;0;0;1;0;0;798030,4797;5827394,75;13,39296204;52,51500372
216412;11;5;5100105;2021;11;9;2;3;5;3;0;0;1;0;1;0;0;1;784295,3398;5831099,184;13,1942789;52,55555138
216411;11;4;4501042;2021;11;9;3;3;0;7;0;1;0;0;0;0;0;0;794246,2492;5826080,785;13,33619566;52,50527957
216410;11;8;8100417;2021;11;16;6;3;6;7;2;0;0;1;0;0;1;1;802128,8592;5823185,035;13,44935756;52,47501705
216409;11;8;8100314;2021;10;22;7;3;5;3;2;0;1;0;0;0;0;1;801069,2014;5824002,293;13,43454105;52,48292748
216408;11;11;11401136;2021;10;9;1;3;5;2;0;1;1;0;0;0;0;0;805888,9095;5825854,825;13,5069958;52,49685213
216407;11;11;11401137;2021;11;12;4;3;6;4;0;0;0;1;0;0;1;0;806717,7468;5826848,384;13,5200818;52,50529147