OBJECTID;LAND;BEZ;LOR_ab_2021;UJAHR;UMONAT;USTUNDE;UWOCHENTAG;UKATEGORIE;UART;UTYP1;ULICHTVERH;IstRad;IstPKW;IstFuss;IstKrad;IstGkfz;IstSonstige;USTRZUSTAND;LINREFX;LINREFY;XGCSWGS84;YGCSWGS84,,,,
216196;11;9;9200512;2021;9;18;2;3;1;5;1;1;0;0;0;1;0;0;808136,6434;5821907,879;13,53635466;52,4602152
216195;11;11;11100204;2021;9;19;1;2;5;2;1;0;1;0;1;0;0;0;806904,5362;5832625,285;13,52815829;52,55695955
216194;11;5;5100208;2021;9;14;7;3;5;7;0;0;1;0;1;0;0;1;782502,7584;5830591,448;13,16747672;52,55193173
216193;11;4;4501153;2021;10;8;6;3;5;2;0;1;1;0;0;0;0;0;793946,456;5823427,345;13,3294503;52,48165438
216192;11;7;7400721;2021;9;11;3;2;1;5;0;1;1;0;0;0;0;0;797631,4251;5822573,834;13,38279195;52,47200761
216191;11;2;2200209;2021;9;8;3;3;5;2;0;1;1;0;0;0;0;0;797766,6742;5824734,759;13,38670722;52,49130415
216190;11;1;1400938;2021;9;8;4;3;3;6;0;0;1;0;0;0;0;1;793875,2205;5830082,718;13,33428121;52,54135465
216189;11;4;4300623;2021;8;8;3;3;0;7;0;1;0;0;0;0;0;0;792413,7066;5826199,135;13,30937738;52,5073258
216188;11;1;1100312;2021;9;9;6;3;5;2;0;1;1;0;0;0;0;0;799690,906;5827213,304;13,41719446;52,51246753
216187;11;2;2100106;2021;9;12;4;3;5;3;0;0;1;0;1;0;0;0;798581,3868;5825563,474;13,39941396;52,49828748
216186;11;2;2500835;2021;9;11;2;3;0;1;0;0;0;0;1;0;0;0;803104,807;5826262,493;13,46648161;52,5020593
216185;11;8;8100311;2021;9;1;6;2;1;5;2;0;1;0;0;0;0;0;800897,805;5824612,077;13,43257518;52,48848763
216184;11;7;7200307;2021;8;23;3;3;1;5;2;1;1;0;0;0;0;1;794968,3059;5824007,645;13,34496739;52,48630538
216183;11;9;9401329;2021;9;13;5;3;0;4;0;0;0;1;0;0;1;0;812120,0959;5818375,899;13,59149646;52,42630345
216182;11;4;4501042;2021;9;11;7;3;0;2;0;1;1;0;0;0;0;1;793933,6545;5825893,172;13,33143775;52,50376622
216181;11;1;1100206;2021;8;13;7;3;0;3;0;0;0;0;1;0;1;0;797900,5842;5827372,811;13,39103386;52,51487803
216180;11;2;2500831;2021;9;16;5;3;0;3;0;0;1;0;1;0;0;0;802909,6536;5827126,413;13,46440138;52,50991088
216179;11;1;1100206;2021;9;2;6;2;0;1;2;0;0;0;0;0;1;0;797990,1642;5827085,186;13,39209248;52,5122509
216178;11;11;11100204;2021;9;14;4;3;5;2;0;0;1;0;1;0;0;0;806844,5756;5832562,208;13,52721831;52,55642803
216177;11;9;9501939;2021;9;12;4;3;6;2;0;0;1;1;0;0;0;1;809933,1351;5821626,203;13,56245014;52,45667508
216176;11;3;3200309;2021;8;16;5;3;5;3;0;1;1;0;0;0;0;1;800140,946;5838356,546;13,43388545;52,61209951
216175;11;8;8100312;2021;8;10;3;3;5;2;0;0;1;0;0;0;1;0;801315,4439;5823995,665;13,43815023;52,48273225
216174;11;1;1200517;2021;9;16;6;3;3;6;0;1;1;0;0;0;0;0;793505,2017;5829116,331;13,32798729;52,53289094
216173;11;2;2100101;2021;9;8;5;3;5;2;0;1;1;0;0;0;0;0;797806,8756;5825928,591;13,38836492;52,50198352
216172;11;3;3500932;2021;9;13;4;2;0;1;0;0;0;0;1;0;0;0;801432,9935;5833147,61;13,44817086;52,5646972
216171;11;1;1300733;2021;9;10;1;3;2;6;0;0;1;0;0;0;1;0;797244,3471;5831294,992;13,38489915;52,55039381
216170;11;4;4501042;2021;9;14;5;3;2;6;0;0;1;0;1;0;0;0;793582,6893;5825743,058;13,32614956;52,50260947
216169;11;6;6400842;2021;9;10;2;3;6;7;0;1;0;1;0;0;0;0;790027,3768;5819347,194;13,26835665;52,44717044
216168;11;4;4200309;2021;9;15;1;3;0;6;0;1;1;0;0;0;0;0;788986,124;5826984,317;13,25969859;52,51619169
216167;11;7;7300517;2021;8;19;2;3;0;7;0;0;1;0;0;0;0;0;794354,4057;5822319,24;13,33446214;52,47150104
216166;11;5;5100207;2021;9;7;5;3;5;3;0;1;1;0;0;0;0;0;780789,3617;5829935,052;13,14171765;52,54693211
216165;11;6;6300527;2021;9;13;6;3;1;5;0;1;1;0;0;0;0;0;790721,2694;5817745,944;13,27714495;52,43244635
216164;11;8;8100310;2021;9;18;4;3;0;5;1;1;1;0;0;0;0;1;800604,9944;5825125,316;13,42873874;52,49324927
216163;11;6;6400841;2021;9;15;5;3;5;2;0;0;1;0;0;0;0;0;789864,7702;5818783,517;13,26548172;52,44220311
216162;11;12;12200309;2021;8;13;6;3;2;6;0;0;1;0;0;0;0;0;793330,5795;5832797,609;13,32867221;52,56598564
216161;11;6;6400844;2021;9;15;5;3;0;3;0;1;0;0;0;0;1;0;790742,6728;5820755,204;13,28007774;52,45941357
216160;11;9;9301126;2021;8;8;4;3;5;2;0;1;0;0;0;1;0;0;809956,6809;5817907,555;13,55934701;52,42333599
216159;11;1;1200520;2021;9;15;1;3;5;2;0;1;1;0;0;0;0;0;794589,4144;5828438,806;13,34332475;52,52623249
216158;11;5;5100316;2021;9;13;6;2;2;6;0;0;1;0;0;0;0;0;784528,3275;5828864,106;13,19579145;52,53539
216157;11;3;3601141;2021;9;9;6;3;2;6;0;0;1;0;0;1;0;0;798813,1079;5831818,28;13,40843795;52,55422601
216156;11;5;5300840;2021;9;7;4;3;5;2;0;1;1;0;0;0;0;0;789406,1144;5828678,141;13,2673447;52,53115448
216155;11;5;5200629;2021;9;22;2;2;0;7;2;0;1;0;0;0;0;0;784579,059;5828296,802;13,19605166;52,53027706
216154;11;6;6300632;2021;9;16;3;3;2;6;0;0;1;0;0;0;0;0;792275,7795;5816699,338;13,29903085;52,42223518
216153;11;11;11200513;2021;9;14;2;3;0;6;0;1;1;0;0;0;0;0;804559,9065;5831027,752;13,49221577;52,54395796
216152;11;4;4501042;2021;8;14;3;2;3;6;0;1;1;0;0;0;0;0;793876,3709;5825868,385;13,33057436;52,50357487
216151;11;9;9200613;2021;9;15;6;3;6;4;0;1;0;1;0;0;0;1;806999,4632;5821158,102;13,51898049;52,45413549
216150;11;3;3601449;2021;9;16;4;3;6;3;0;1;0;1;0;0;0;0;801104,7596;5830758,894;13,4411765;52,54346857
216149;11;12;12500928;2021;8;21;1;3;1;1;2;0;1;0;0;0;0;1;791963,9665;5837018,317;13,31228624;52,60455728
216148;11;1;1100309;2021;8;16;6;3;0;1;0;0;1;0;1;0;0;0;798651,1479;5828815,823;13,40335729;52,52740217
216147;11;3;3601449;2021;9;7;2;3;6;4;0;1;0;1;0;0;0;0;801137,7077;5830739,404;13,44164322;52,54327567
216146;11;12;12100205;2021;9;8;7;3;0;1;0;0;0;0;1;0;0;1;793505,5368;5832446,901;13,33093578;52,56274746
216145;11;4;4200311;2021;8;9;3;3;5;2;0;1;1;0;0;0;0;0;790399,9756;5827140,906;13,28061261;52,51684452
216144;11;2;2300419;2021;9;13;7;3;2;6;0;0;1;0;0;0;0;0;801586,4869;5825943,443;13,44389236;52,50004087
216143;11;12;12400721;2021;10;12;6;3;5;3;0;0;1;0;0;0;0;0;790585,5842;5839719,054;13,2943628;52,62950727
216142;11;4;4200308;2021;9;17;3;3;5;2;0;1;0;0;1;0;0;0;789286,0223;5827512,987;13,26456558;52,52077235
216141;11;7;7400928;2021;9;15;4;3;5;2;0;1;1;0;0;0;0;0;799980,3963;5821330,088;13,41615268;52,45957439
216140;11;5;5200629;2021;9;11;3;3;0;2;0;0;1;0;0;0;1;1;784597,2344;5828312,266;13,19633211;52,53040622
216139;11;12;12400617;2021;8;15;5;2;8;1;0;1;0;0;0;0;0;1;786030,3493;5837665,872;13,2254688;52,61351744
216138;11;4;4400831;2021;8;19;3;3;5;2;1;1;1;0;0;0;0;0;790740,7881;5822657,903;13,28170806;52,47647253
216137;11;7;7100205;2021;9;10;6;3;2;6;0;0;0;0;0;0;1;0;796084,7415;5825334,594;13,3625403;52,49759604
216136;11;8;8100102;2021;9;21;5;3;5;3;2;0;1;0;0;0;1;1;800440,9823;5823172,114;13,42456981;52,47583227
216135;11;3;3601449;2021;9;15;3;3;2;3;0;0;1;0;1;0;0;0;801907,3075;5830328,501;13,45258386;52,53916689
216134;11;11;11200513;2021;9;2;1;2;0;1;2;0;0;0;0;0;1;0;804645,6681;5831111,365;13,49355319;52,54465939
216133;11;12;12400722;2021;9;16;4;2;5;2;0;0;1;0;1;0;0;0;790658,7813;5837395,205;13,29339875;52,60863538
216132;11;5;5200528;2021;9;12;1;3;2;6;0;0;1;0;0;0;0;0;783376,5867;5826753,035;13,17705732;52,51706174
216131;11;3;3200204;2021;8;19;7;3;2;2;0;0;1;0;0;0;0;0;798057,7643;5837198,798;13,40216771;52,60286846
216130;11;4;4400831;2021;9;12;5;3;5;3;0;0;1;0;0;0;0;0;790838,0956;5822517,94;13,28301469;52,47516595
216129;11;1;1100310;2021;9;18;5;3;2;6;0;1;0;0;0;0;0;0;799539,3081;5828217,565;13,41587139;52,52155245
216128;11;10;10100313;2021;9;7;4;3;5;3;0;0;1;0;0;0;0;0;807803,9318;5830768,261;13,53966188;52,53980955
216127;11;1;1100415;2021;9;19;4;3;1;5;1;1;1;0;0;0;0;1;798457,0761;5829126,076;13,40078355;52,53028943
216126;11;2;2200208;2021;8;6;6;3;5;2;0;1;1;0;0;0;0;1;797847,0431;5824925,485;13,38805794;52,49296994
216125;11;8;8100417;2021;8;21;4;2;6;4;2;0;1;1;0;0;0;1;802573,6481;5823097,778;13,45580718;52,47398875
216124;11;8;8100312;2021;9;15;7;3;6;4;0;0;1;1;0;0;0;0;800996,9588;5824224,473;13,43368104;52,48495877
216123;11;4;4501042;2021;9;16;5;3;5;3;0;0;1;0;0;0;0;0;794369,1512;5825672,585;13,3376403;52,501554
216122;11;6;6400841;2021;9;14;3;3;2;6;0;1;1;0;0;0;0;0;789688,6477;5818446,898;13,262606;52,43927852
216121;11;7;7300517;2021;9;14;2;3;3;5;0;1;1;0;0;0;0;0;794318,4868;5822317,164;13,33393304;52,47150179
216120;11;12;12200412;2021;9;8;4;2;6;4;0;0;1;1;0;0;0;0;790658,7217;5833703,736;13,29015853;52,57554207
216119;11;1;1100311;2021;9;18;2;2;5;3;0;1;0;0;0;0;1;0;799661,7439;5827617,169;13,41712972;52,51610358
216118;11;3;3601245;2021;9;16;2;3;5;3;0;1;1;0;0;0;0;0;801160,8655;5831110,539;13,44232016;52,54658939
216117;11;9;9401329;2021;8;12;2;2;6;4;0;0;0;1;0;0;1;1;811765,1006;5818261,193;13,58618551;52,42547788
216116;11;10;10200524;2021;9;7;6;3;5;3;0;0;1;0;0;0;1;0;813606,4046;5830022,031;13,62423572;52,5298147
216115;11;4;4300622;2021;9;7;3;3;5;2;0;0;1;0;1;0;0;0;793769,2676;5826574,909;13,32962445;52,50996618
216114;11;3;3200310;2021;9;11;6;3;6;7;0;0;1;1;0;0;0;0;799606,8401;5837865,847;13,42557659;52,60799596
216113;11;1;1100309;2021;9;7;4;3;1;5;0;1;1;0;0;0;0;0;797857,6497;5828537,31;13,39144575;52,52533976
216112;11;1;1100310;2021;9;11;1;3;5;2;0;1;1;0;0;0;0;0;799223,5735;5828466,357;13,4114556;52,52395585
216111;11;3;3300516;2021;8;11;7;3;5;3;0;1;1;0;0;0;0;0;801110,1926;5834987,746;13,44509383;52,58136901
216110;11;2;2100104;2021;9;14;5;3;5;3;0;0;1;0;0;0;0;0;799227,691;5825994,657;13,40929366;52,50179845
216109;11;10;10300732;2021;9;18;5;2;0;7;1;0;1;0;0;0;0;0;809629,3886;5828544,552;13,56442126;52,51884748
216108;11;1;1100312;2021;9;10;4;3;2;6;0;0;1;0;0;0;1;0;799206,9456;5826996,052;13,40988895;52,51078587
216107;11;7;7100102;2021;9;16;4;3;0;5;0;0;1;0;1;0;0;1;795000,5234;5825230,311;13,346523;52,49724836
216106;11;1;1100308;2021;8;6;6;2;0;1;0;0;1;0;1;0;0;1;796703,6116;5828773,811;13,37469629;52,528089
216105;11;11;11300721;2021;8;20;4;2;0;1;2;0;0;0;1;0;0;1;805181,566;5829626,157;13,50006729;52,53104848
216104;11;8;8100209;2021;9;19;6;3;5;3;0;0;1;0;0;0;0;0;801569,6284;5822310,197;13,44035801;52,46748473
216103;11;6;6400839;2021;9;17;4;3;6;7;0;1;0;1;0;0;0;0;789380,6342;5818128,605;13,25781178;52,43658795
216102;11;1;1200520;2021;9;10;3;3;5;2;0;1;1;0;0;0;0;0;794440,9161;5829321,684;13,34192413;52,53422712
216101;11;4;4501040;2021;9;16;7;3;0;2;0;1;1;0;0;0;0;1;792718,9983;5825391,082;13,3131523;52,49991813
216100;11;2;2100104;2021;9;20;4;3;0;4;2;0;0;1;1;0;0;0;799217,3242;5825992,297;13,40913927;52,50178298
216099;11;11;11300620;2021;9;15;2;3;5;3;0;1;1;0;0;0;0;0;803973,5827;5829085,377;13,48181985;52,52687663
216098;11;6;6100103;2021;9;9;2;3;6;2;0;0;1;1;0;0;0;0;794004,3897;5821375,715;13,32849267;52,46323124
216097;11;3;3501038;2021;8;13;1;3;0;5;0;0;1;0;0;0;1;1;804097,0856;5832379,234;13,48664964;52,55632919
216096;11;1;1100309;2021;9;1;6;3;5;3;2;1;1;0;0;0;0;0;797943,4495;5828779,418;13,39292362;52,52746306
216095;11;11;11501341;2021;9;10;7;3;5;2;0;1;1;0;0;0;0;1;807202,9908;5823907,448;13,5244972;52,47866138
216094;11;9;9200819;2021;9;12;5;3;3;6;0;0;1;0;0;0;0;0;810112,3432;5820419,849;13,5639591;52,44576242
216093;11;6;6300633;2021;9;16;5;3;5;3;0;0;1;0;0;0;0;0;793278,2193;5818926,075;13,31568335;52,4416611
216092;11;11;11501341;2021;8;21;7;3;3;6;2;0;1;0;0;0;0;1;807146,7899;5823740,019;13,52351807;52,47719245
216091;11;1;1200519;2021;8;18;4;3;6;7;0;0;1;1;0;0;0;1;793811,4083;5828491,86;13,33193665;52,52712793
216090;11;4;4300412;2021;9;15;7;3;2;6;0;0;1;0;0;0;0;0;791385,7084;5827474,884;13,29539094;52,51931281
216089;11;10;10100311;2021;9;14;5;2;5;3;0;1;1;0;0;0;0;0;807001,2525;5830429,675;13,52755094;52,53722791
216088;11;2;2200210;2021;9;23;4;3;0;7;2;0;1;0;0;0;0;0;799013,1928;5825071,03;13,40531391;52,49363699
216087;11;2;2300316;2021;9;21;2;3;0;1;2;0;0;0;1;0;0;0;801440,8258;5826056,282;13,44185519;52,50113275
216086;11;5;5200629;2021;9;15;3;3;0;1;0;0;0;0;1;0;1;0;784656,7786;5828624,976;13,19747531;52,53317888
216085;11;11;11200515;2021;9;15;3;3;5;3;0;1;1;0;0;0;0;0;806106,803;5830164,905;13,5141606;52,5353581
216084;11;7;7100205;2021;8;16;3;2;6;4;0;1;0;1;0;0;0;0;796428,8465;5824892,037;13,36720057;52,49344213
216083;11;2;2400521;2021;9;13;6;3;6;2;0;0;1;1;0;0;0;0;801137,0368;5828581,401;13,43967823;52,52393359
216082;11;9;9100408;2021;9;17;4;3;0;2;0;1;1;0;0;0;0;0;806497,7268;5820066,651;13,51061844;52,44463503
216081;11;1;1100206;2021;8;12;2;3;6;7;0;0;0;1;0;0;1;1;797674,2832;5827977,396;13,38824978;52,52042096
216080;11;10;10400940;2021;8;16;5;2;5;2;0;0;1;0;0;0;1;0;812385,1544;5824271,746;13,6008965;52,47898666
216079;11;5;5300735;2021;9;10;2;3;5;2;0;0;1;0;0;0;0;0;786566,138;5830552,707;13,22721011;52,54946172
216078;11;7;7100206;2021;9;16;7;3;1;5;1;1;1;0;0;0;0;1;796616,735;5824313,856;13,36944526;52,48815722
216077;11;9;9200715;2021;8;16;3;3;5;2;0;0;1;0;1;0;0;0;807713,4145;5818121,082;13,52665801;52,42651568
216076;11;8;8100312;2021;9;14;1;3;2;6;0;0;1;0;1;0;0;0;800883,6035;5824282,004;13,43206868;52,48553692
216075;11;7;7300619;2021;8;21;6;3;5;3;2;0;1;0;0;0;1;0;795354,3035;5822247,515;13,34907646;52,47031836
216074;11;2;2100102;2021;9;9;5;3;1;5;0;1;1;0;0;0;0;0;797934,1829;5826382,82;13,39064133;52,50598564
216073;11;4;4501042;2021;9;16;5;3;6;2;0;0;1;1;0;0;0;0;793992,0427;5826148,892;13,3325213;52,50602716
216072;11;3;3400828;2021;9;15;4;3;5;3;0;1;1;0;0;0;0;1;799827,6528;5832098,665;13,42361052;52,55618163
216071;11;1;1200519;2021;9;8;3;3;5;3;0;1;0;0;0;0;1;0;794013,591;5829169,067;13,33550727;52,53308969
216070;11;9;9300920;2021;8;6;5;3;5;3;0;0;1;0;0;0;0;1;808097,3099;5816927,914;13,53118753;52,41560628
216069;11;9;9200510;2021;8;13;3;3;0;2;0;1;1;0;0;0;0;0;806413,0312;5822980,694;13,51205052;52,47079927
216068;11;4;4300412;2021;9;14;6;3;5;2;0;1;0;0;0;0;1;0;790794,2534;5827391,504;13,28662581;52,51888103
216067;11;6;6100206;2021;9;17;5;3;0;7;0;1;0;0;0;0;0;0;795099,914;5819450,369;13,34286986;52,4453811
216066;11;3;3701658;2021;9;11;2;3;6;7;0;1;0;1;0;0;0;0;799943,0858;5829971,726;13,42338726;52,53705367
216065;11;1;1400938;2021;9;17;7;3;6;7;0;1;0;1;0;0;0;0;794668,7989;5831155,104;13,34690033;52,5505392
216064;11;8;8100310;2021;8;12;3;2;5;2;0;1;1;0;0;0;0;0;800982,8862;5824768,888;13,43396607;52,48984627
216063;11;10;10200524;2021;9;9;2;3;5;3;0;1;1;0;0;0;0;0;813262,2283;5830369,392;13,61950597;52,53312524
216062;11;8;8200730;2021;9;15;1;3;2;6;0;0;1;0;1;0;0;0;801403,5673;5819275,812;13,43518216;52,44037825
216061;11;9;9501939;2021;8;17;7;3;6;4;0;0;1;1;0;0;0;0;810582,2315;5821339,089;13,5717053;52,45373363
216060;11;5;5100104;2021;9;8;6;3;5;3;0;0;0;0;0;1;1;0;785212,488;5831830,399;13,20839861;52,56162779
216059;11;8;8100206;2021;9;4;7;3;6;2;2;0;1;1;0;0;0;0;800613,6084;5823773,759;13,4276462;52,48113005
216058;11;5;5100314;2021;9;20;4;3;3;6;2;0;1;0;0;0;0;1;785299,538;5830007,701;13,20811286;52,54524015
216057;11;5;5100210;2021;9;15;4;2;5;3;0;0;1;0;0;0;1;1;783976,8741;5830077,319;13,18872015;52,54655543
216056;11;3;3400828;2021;8;13;6;3;5;3;0;0;1;0;0;0;0;1;800030,5203;5832028,863;13,4265308;52,55544427
216055;11;1;1100101;2021;9;12;6;3;0;1;0;0;0;0;1;0;0;0;794662,8463;5826050,07;13,34228857;52,5047794
216054;11;1;1400938;2021;8;23;4;3;2;6;2;0;1;0;0;0;0;1;794492,7166;5830636,198;13,34385076;52,54598281
216053;11;1;1100103;2021;9;12;7;3;3;2;0;0;1;0;0;0;1;0;795321,3107;5826141,991;13,35204316;52,5052474
216052;11;12;12200412;2021;9;14;6;2;5;7;0;0;1;0;1;0;0;0;790940,9033;5834310,945;13,29484377;52,5808348
216051;11;6;6200317;2021;9;14;4;3;5;3;0;1;1;0;0;0;0;0;796783,526;5817868,054;13,36616408;52,43028573
216050;11;4;4501153;2021;9;8;3;3;5;3;0;1;0;0;0;0;0;0;794185,3095;5823228,407;13,33278185;52,47974237
216049;11;7;7501029;2021;9;12;5;3;5;3;0;0;1;0;0;0;0;0;797590,2438;5818738,614;13,37876951;52,43765123
216048;11;4;4501045;2021;9;10;3;3;1;5;0;1;1;0;0;0;0;0;793474,5909;5824856,861;13,3237807;52,49472324
216047;11;2;2300316;2021;9;10;3;3;4;6;0;1;0;0;0;0;0;0;800698,5333;5826439,767;13,43129909;52,50497957
216046;11;5;5200630;2021;8;19;2;3;5;3;1;0;1;0;1;0;0;0;784752,3081;5827199,555;13,1976591;52,52034865
216045;11;5;5300735;2021;9;16;6;3;0;1;0;0;0;0;1;0;0;1;786929,5727;5830853,365;13,23281516;52,55196598
216044;11;9;9200510;2021;9;19;1;3;1;5;1;1;1;0;0;0;0;0;806586,0048;5822155,444;13,51383083;52,46330606
216043;11;7;7601238;2021;9;14;5;3;5;2;0;0;1;0;0;0;1;0;798677,099;5816001,681;13,39226688;52,41252529
216042;11;9;9501940;2021;9;17;5;2;6;4;0;0;1;1;0;0;0;0;811724,3448;5821610,291;13,58871168;52,45551391
216041;11;12;12100101;2021;8;12;7;3;5;2;0;1;1;0;0;0;0;0;795770,041;5832572,284;13,36435733;52,562646
216040;11;8;8301036;2021;9;5;1;3;1;5;1;0;1;0;0;0;0;0;803707,3527;5817991,836;13,46780475;52,42759557
216039;11;12;12200412;2021;9;15;1;3;5;3;0;1;1;0;0;0;0;0;790676,4586;5834314,547;13,29095513;52,58100842
216038;11;11;11200514;2021;8;6;3;3;6;7;0;0;1;1;0;0;0;1;803362,5246;5830084,92;13,47375237;52,53617561
216037;11;5;5200629;2021;9;9;7;2;0;1;0;0;0;0;1;0;0;1;784636,7555;5828433,03;13,19701655;52,53146835
216036;11;4;4400728;2021;9;15;3;3;0;1;0;0;1;0;1;0;0;0;790369,0993;5823532,227;13,27701228;52,48450873
216035;11;1;1300731;2021;9;7;4;3;6;2;1;0;1;1;0;0;0;1;796852,9448;5832377,332;13,3801115;52,56030916
216034;11;1;1100102;2021;9;8;4;3;3;6;0;0;1;0;1;0;0;0;795235,6914;5826697,897;13,35127841;52,51027701
216033;11;7;7400927;2021;8;15;2;3;5;2;0;0;1;0;1;0;0;0;799129,116;5821712,391;13,40400344;52,46346785
216032;11;12;12601133;2021;9;18;6;3;5;3;0;0;1;0;0;0;0;0;795732,9278;5837041,997;13,36779987;52,60273247
216031;11;12;12500825;2021;8;14;2;3;2;6;0;0;1;0;0;0;0;1;792549,4024;5835165,005;13,31926911;52,58762859
216030;11;1;1100207;2021;8;3;6;2;0;1;2;1;0;0;0;0;0;1;798309,232;5826981,135;13,39668694;52,51114382
216029;11;2;2500833;2021;9;19;2;3;0;1;0;1;0;0;0;0;0;0;802386,3775;5827080,926;13,45667318;52,50979348
216028;11;9;9200613;2021;9;8;7;2;5;3;0;1;1;0;0;0;0;1;805794,606;5821825,33;13,50191585;52,46079086
216027;11;2;2100105;2021;9;16;6;3;5;3;0;1;0;0;1;0;0;0;799814,8809;5825748,444;13,41769667;52,49926921
216026;11;3;3200308;2021;9;21;4;3;2;6;2;0;1;0;0;0;0;1;800043,7182;5837236,681;13,43143852;52,60211571
216025;11;9;9301228;2021;9;11;5;3;4;7;0;0;0;0;0;1;1;0;816966,5563;5812344,293;13,65683161;52,36947087
216024;11;12;12100102;2021;8;11;7;3;5;3;0;0;1;0;0;0;0;0;796724,4433;5833270,855;13,37902058;52,56838859
216023;11;12;12400722;2021;8;10;4;3;0;3;0;0;1;0;1;0;0;0;791632,9786;5837857,014;13,30815176;52,61225352
216022;11;4;4100101;2021;9;8;2;3;5;2;0;0;1;0;0;0;0;0;791663,7428;5830679,279;13,30228892;52,54789094
216021;11;7;7601340;2021;9;15;7;3;0;1;0;0;0;0;1;0;0;0;796539,8998;5815877,306;13,36082679;52,41257227
216020;11;4;4300619;2021;9;16;3;2;6;7;0;0;1;1;0;0;0;0;792259,6282;5827273,348;13,30805705;52,51703842
216019;11;9;9301228;2021;9;6;3;3;5;3;1;0;1;0;0;0;0;0;816000,7967;5813252,322;13,64354857;52,37816502
216018;11;1;1300733;2021;9;10;3;3;1;5;1;0;1;0;1;0;0;1;797632,9834;5831885,853;13,39114366;52,5554779
216017;11;9;9502043;2021;8;6;2;3;2;6;1;1;1;0;0;0;0;1;810583,0167;5822176,11;13,57249541;52,46123425
216016;11;12;12200309;2021;9;9;6;3;6;4;0;0;1;1;0;0;0;0;793217,9693;5832480,422;13,32673524;52,5632029
216015;11;3;3400724;2021;9;9;4;3;1;7;0;0;1;0;0;0;0;0;798751,7237;5834117,796;13,40960587;52,57487133
216014;11;1;1100311;2021;8;8;2;3;0;6;0;0;1;0;1;0;0;1;799618,996;5828264,804;13,41708493;52,5219321
216013;11;7;7300517;2021;8;16;6;3;5;3;0;0;1;0;0;0;0;0;794776,904;5822868,581;13,34114967;52,47619773
216012;11;7;7601341;2021;9;18;2;3;2;6;0;1;1;0;0;0;0;0;796542,1285;5814369,881;13,35952461;52,39905806
216011;11;1;1100101;2021;9;16;7;3;2;6;0;0;1;0;0;0;0;1;795209,5382;5826603,85;13,35081075;52,5094481
216010;11;5;5200527;2021;9;12;4;3;3;6;0;0;1;0;0;0;0;0;782335,2775;5827298,243;13,16221497;52,52249042
216009;11;3;3701660;2021;9;21;7;3;0;4;1;0;0;1;0;0;1;0;800134,793;5828994,605;13,42532302;52,52818989
216008;11;1;1100103;2021;8;8;6;3;0;1;0;0;0;0;1;0;0;1;795283,7559;5826060,101;13,35141884;52,50453364
216007;11;9;9100409;2021;9;17;5;3;2;6;0;0;1;0;0;0;0;0;805704,9195;5818766,3;13,49780074;52,43342435
216006;11;4;4300414;2021;9;11;6;3;1;5;0;1;1;0;0;0;1;0;791550,856;5826698,052;13,29713727;52,51226035
216005;11;12;12100204;2021;9;15;4;3;2;1;0;0;1;0;1;0;0;1;794328,0495;5832562,848;13,34313768;52,56334284
216004;11;2;2500835;2021;9;21;3;3;0;1;2;0;0;0;1;0;0;0;801906,0633;5826424,863;13,44902239;52,50417918
216003;11;12;12100204;2021;8;13;5;3;2;6;0;0;0;0;0;0;1;1;794219,3812;5832592,342;13,34156532;52,56366595
216002;11;1;1100308;2021;8;9;3;3;2;6;0;1;1;0;0;0;0;0;797598,4638;5828437,143;13,387547;52,52458342
216001;11;5;5300839;2021;9;18;6;3;0;1;0;1;0;0;0;0;0;0;788720,3624;5830528,368;13,25887139;52,54810598
216000;11;10;10300731;2021;9;7;5;3;5;2;0;1;1;0;0;0;0;0;809655,0861;5830269,153;13,56640471;52,53428807
215999;11;3;3200310;2021;9;0;2;3;6;6;2;0;1;1;0;0;0;0;799855,9752;5838496,027;13,42981578;52,613507
215998;11;7;7300517;2021;9;17;2;2;5;3;0;1;1;0;0;0;0;0;794247,2716;5822046,585;13,33264897;52,46911454
215997;11;3;3400831;2021;9;15;5;3;5;7;0;0;1;0;1;0;0;0;800074,6997;5833884,49;13,42885872;52,57205235
215996;11;5;5100316;2021;9;20;2;3;6;2;2;0;1;1;0;0;0;0;784595,532;5829197,301;13,19706496;52,53834234
215995;11;6;6400735;2021;9;14;1;3;3;6;0;1;1;0;0;0;0;0;779479,4458;5815580,909;13,11041554;52,41889208
215994;11;1;1200517;2021;8;15;7;3;2;6;0;0;1;0;1;0;0;0;793648,736;5828121,19;13,32921833;52,52389272
215993;11;9;9502043;2021;9;7;6;3;5;3;0;1;0;0;0;0;0;0;810855,5168;5822503,436;13,57679818;52,46401266
215992;11;4;4300517;2021;9;12;7;3;5;3;0;0;1;0;0;0;0;0;791911,8384;5828206,076;13,30376477;52,52558641
215991;11;6;6100103;2021;9;21;4;3;0;1;2;0;1;0;0;0;0;1;793766,0708;5821150,623;13,32479675;52,46134155
215990;11;5;5100316;2021;9;14;6;2;5;3;0;1;1;0;0;0;0;0;784966,0055;5829500,898;13,20277294;52,54087076
215989;11;5;5300840;2021;9;15;5;3;5;2;0;1;1;0;0;0;0;0;789214,0861;5829280,646;13,26504603;52,536658
215988;11;6;6400838;2021;8;10;6;3;0;1;0;0;0;0;1;0;0;1;788483,0479;5821526,106;13,2475794;52,46752265