OBJECTID;LAND;BEZ;LOR_ab_2021;UJAHR;UMONAT;USTUNDE;UWOCHENTAG;UKATEGORIE;UART;UTYP1;ULICHTVERH;IstRad;IstPKW;IstFuss;IstKrad;IstGkfz;IstSonstige;USTRZUSTAND;LINREFX;LINREFY;XGCSWGS84;YGCSWGS84,,,,
214733;11;10;10400940;2021;7;11;5;2;5;3;0;0;1;0;1;0;0;0;811995,8325;5826854,346;13,59760045;52,50235257
214732;11;8;8100314;2021;8;23;3;3;5;3;2;0;1;0;0;0;0;0;801081,7988;5823993,529;13,43471808;52,48284198
214731;11;2;2400625;2021;8;16;2;3;0;1;0;0;0;0;1;0;0;0;801266,0743;5827425,264;13,44052745;52,51349968
214730;11;1;1100313;2021;7;22;4;2;5;2;2;1;1;0;0;0;0;0;799884,1766;5826481,38;13,41937449;52,50580077
214729;11;8;8401244;2021;7;12;6;1;5;2;0;0;0;0;1;0;1;0;806240,7892;5816372,873;13,50346773;52,4116735
214728;11;5;5100104;2021;7;16;2;3;2;6;0;0;1;0;1;0;0;0;785196,4927;5831543,843;13,20791701;52,55906695
214727;11;12;12200412;2021;8;23;2;3;1;1;2;0;1;0;0;0;0;0;791076,9592;5833586,377;13,29620988;52,57426643
214726;11;1;1300834;2021;8;18;7;3;5;3;0;0;1;0;0;0;0;0;797835,9966;5830459,337;13,39284984;52,5425801
214725;11;7;7200409;2021;8;15;3;2;6;4;0;0;1;1;0;0;0;0;795160,984;5823907,931;13,34770842;52,48530739
214724;11;8;8200726;2021;8;22;6;2;5;3;2;1;0;0;0;0;1;1;801403,0868;5820237,134;13,43604229;52,44899516
214723;11;12;12601032;2021;7;11;2;2;2;6;0;0;1;0;1;0;0;0;792976,2593;5837569,068;13,32767899;52,60894984
214722;11;2;2200210;2021;8;9;6;3;5;3;0;1;1;0;0;0;0;0;798538,0411;5825351,279;13,39858715;52,49640915
214721;11;5;5300736;2021;8;7;2;3;2;6;0;0;1;0;0;0;0;0;785457,2455;5829266,716;13,20979546;52,53851399
214720;11;8;8401246;2021;8;9;6;3;5;3;0;0;1;0;1;0;0;0;807340,167;5816536,62;13,51973062;52,412525
214719;11;4;4300622;2021;7;15;2;3;2;6;0;0;1;0;0;0;0;0;793834,6215;5826258,087;13,33030499;52,50709083
214718;11;3;3701554;2021;8;19;4;3;5;3;0;0;1;0;0;0;1;0;798829,8516;5830177,351;13,40720773;52,53950835
214717;11;8;8401244;2021;7;12;4;3;3;2;0;0;1;0;0;0;1;0;805757,3043;5816789,902;13,49676248;52,41568142
214716;11;8;8100102;2021;7;17;5;3;2;1;0;0;1;0;0;0;1;0;799917,6958;5823635,933;13,41730546;52,4802773
214715;11;9;9401432;2021;8;11;2;3;0;3;0;1;1;0;0;0;0;0;812357,3913;5820086,344;13,59657295;52,44149595
214714;11;9;9200715;2021;7;15;2;3;5;2;0;0;1;0;0;0;0;0;808643,2432;5819165,427;13,54125369;52,43535147
214713;11;1;1100309;2021;8;14;6;3;5;3;0;1;1;0;0;0;0;0;798252,4922;5829020,169;13,39768158;52,52945209
214712;11;12;12400722;2021;8;19;3;3;5;2;0;0;1;0;0;0;0;0;790411,071;5839296,422;13,29142034;52,62581181
214711;11;1;1400937;2021;8;18;6;3;3;6;0;1;0;0;0;0;0;0;792149,0993;5831134,843;13,30982716;52,55171485
214710;11;6;6400844;2021;7;13;5;3;2;6;0;0;1;0;0;0;0;0;792378,5798;5821172,98;13,30445258;52,46228612
214709;11;12;12100101;2021;7;17;6;3;5;3;0;1;1;0;0;0;0;0;796683,4053;5833002,302;13,37817668;52,56600369
214708;11;2;2500833;2021;8;9;4;2;5;2;0;1;1;0;0;0;0;0;802469,1577;5827053,415;13,45786422;52,50950102
214707;11;2;2100102;2021;7;15;4;3;5;2;0;0;1;0;0;0;1;0;798346,9791;5825558,204;13,39596643;52,49836844
214706;11;3;3300516;2021;7;15;7;3;6;4;0;1;0;1;0;0;0;0;800475,1117;5832369,901;13,43337752;52,55825595
214705;11;7;7300516;2021;8;14;5;3;6;7;0;0;0;1;0;0;1;0;793976,1161;5821701,911;13,32836504;52,46617066
214704;11;12;12200515;2021;8;17;3;3;1;5;0;1;1;0;0;0;0;0;789676,2529;5835211,762;13,27701929;52,58958538
214703;11;6;6100208;2021;8;11;2;3;1;5;0;0;1;0;1;0;0;0;794393,5577;5820220,85;13,33318607;52,45266889
214702;11;2;2200213;2021;8;16;7;3;5;2;0;1;1;0;0;0;0;0;799514,9924;5824907,613;13,41253614;52,49189708
214701;11;6;6100209;2021;7;19;3;2;0;1;0;1;0;0;0;0;0;0;794735,172;5821357,251;13,33920187;52,46267204
214700;11;2;2200210;2021;8;16;3;3;0;1;0;0;0;0;0;0;1;0;798102,9311;5824829,094;13,39172957;52,49196622
214699;11;6;6400844;2021;8;21;7;3;5;2;2;1;1;0;0;0;0;1;791444,979;5820645,556;13,29028936;52,45805649
214698;11;2;2500830;2021;7;15;7;3;5;2;0;1;1;0;0;0;0;0;802145,725;5827550,494;13,45356431;52,51413556
214697;11;8;8301036;2021;7;19;7;2;2;4;1;0;1;1;0;0;0;0;803860,0374;5817893,873;13,46995447;52,42663276
214696;11;2;2400522;2021;8;9;5;3;5;2;0;1;1;0;0;0;0;0;801632,1305;5827909,542;13,44634432;52,51763801
214695;11;2;2100106;2021;7;15;5;3;0;7;0;1;0;0;0;0;0;0;798922,7265;5825587,141;13,4044485;52,49831277
214694;11;5;5400942;2021;8;12;6;3;5;3;0;1;1;0;0;0;0;0;782489,483;5820626,738;13,15882492;52,46259064
214693;11;10;10200629;2021;8;18;4;3;3;6;0;1;0;0;1;0;0;0;810808,5758;5828827,65;13,58200854;52,5207137
214692;11;8;8100206;2021;8;18;4;3;5;2;0;1;1;0;0;0;0;0;800436,4689;5823707,391;13,42498582;52,48063265
214691;11;6;6100210;2021;7;17;7;3;5;2;0;1;0;0;0;0;1;0;795063,4096;5821308,554;13,34397618;52,46205835
214690;11;3;3500933;2021;8;16;2;3;2;1;0;1;1;0;0;0;0;0;801620,1672;5831816,38;13,44971409;52,55266176
214689;11;6;6100209;2021;7;18;5;2;3;6;0;1;0;0;0;0;0;0;794256,4767;5821459,696;13,33226656;52,46384839
214688;11;3;3400618;2021;8;0;1;3;8;1;2;0;1;0;0;0;0;0;796324,2622;5836460,774;13,37598564;52,59720054
214687;11;12;12200310;2021;7;13;7;3;5;2;0;0;1;0;1;0;0;0;792318,0421;5833773,429;13,31463645;52,5752781
214686;11;5;5100206;2021;7;12;1;3;5;3;0;1;1;0;0;0;0;0;781900,4016;5831955,904;13,15977524;52,56447809
214685;11;1;1100205;2021;8;20;6;3;6;4;1;0;0;1;0;0;1;0;797465,3648;5826813,251;13,38413901;52,51009976
214684;11;11;11400929;2021;8;16;2;3;6;4;0;1;0;1;0;0;0;0;805121,0662;5826992,037;13,49676221;52,50747419
214683;11;2;2200209;2021;8;14;6;3;5;2;0;1;1;0;0;0;0;0;797016,7033;5823990,284;13,37503017;52,48503927
214682;11;12;12601236;2021;7;12;2;2;5;3;0;1;1;0;0;0;0;0;794169,2838;5836201,028;13,34403097;52,59604216
214681;11;4;4300517;2021;8;8;5;3;5;3;0;0;1;0;0;0;0;0;791910,5598;5828199,156;13,3037399;52,52552505
214680;11;1;1100205;2021;7;11;4;3;5;2;0;1;1;0;0;0;0;0;796957,709;5826730,693;13,3766071;52,50963631
214679;11;4;4300619;2021;7;15;5;3;1;5;0;1;1;0;0;0;0;0;792862,8166;5827403,97;13,31703594;52,51788582
214678;11;1;1100309;2021;8;13;4;3;3;6;0;1;1;0;0;0;0;0;797808,7788;5828429,484;13,39063096;52,52439993
214677;11;3;3100103;2021;8;23;2;2;5;2;2;0;1;0;1;0;0;0;804450,9924;5840748,543;13,4995467;52,63114025
214676;11;5;5300736;2021;7;14;3;3;3;6;0;0;1;0;0;0;0;0;785741,6011;5829269,586;13,21397916;52,53839069
214675;11;12;12400618;2021;7;9;3;3;0;2;0;0;0;0;0;0;1;0;786593,9024;5838640,156;13,23461364;52,62195544
214674;11;7;7400823;2021;8;6;2;3;5;2;0;0;1;0;1;0;0;0;797273,5778;5822176,321;13,37718495;52,46863916
214673;11;4;4501040;2021;8;14;7;3;5;2;0;0;1;0;1;0;0;0;792314,8787;5825780,293;13,30755765;52,50362394
214672;11;4;4300619;2021;7;18;2;2;5;3;0;0;1;0;0;0;0;0;792430,3504;5827178,002;13,31048204;52,51609216
214671;11;5;5100209;2021;8;13;2;2;5;3;0;0;1;0;0;0;1;0;782817,0023;5830409,292;13,17194393;52,55013538
214670;11;12;12500928;2021;8;10;7;3;2;6;0;0;1;0;0;0;0;0;792060,2383;5837093,241;13,3137699;52,60517723
214669;11;12;12200310;2021;7;11;5;3;0;2;0;1;1;0;0;0;0;0;792192,4199;5832949,413;13,31206194;52,56795857
214668;11;4;4501042;2021;7;13;6;2;2;6;0;1;1;0;0;0;0;0;794148,0592;5825851,471;13,33455058;52,50327685
214667;11;3;3400830;2021;8;7;4;3;1;5;0;1;1;0;0;0;0;0;799541,3954;5833247,183;13,42043753;52,56663371
214666;11;2;2400521;2021;7;12;4;3;5;3;0;1;0;0;0;0;0;0;800770,0287;5828490,77;13,43420307;52,52332382
214665;11;4;4400727;2021;8;11;5;3;2;6;0;0;1;0;0;0;0;0;790956,4464;5823002,247;13,28517485;52,47944476
214664;11;6;6400841;2021;8;12;4;3;5;3;0;1;1;0;0;0;0;0;790010,4401;5819155,033;13,26794133;52,44545663
214663;11;7;7400721;2021;8;8;3;2;0;7;0;0;0;0;1;0;0;1;798326,4089;5823948,609;13,39422323;52,48395168
214662;11;12;12500927;2021;8;19;1;2;1;6;1;0;1;0;0;0;0;0;792686,8444;5835989,498;13,32202058;52,5949458
214661;11;1;1100207;2021;7;14;3;3;5;3;0;0;1;0;0;0;0;0;798524,8271;5826770,808;13,39966571;52,50914057
214660;11;9;9501941;2021;8;8;3;3;2;2;0;0;1;0;0;0;0;0;812053,6326;5821204;13,5931624;52,4516851,
214659;11;1;1300733;2021;8;16;1;3;5;3;0;1;0;0;0;0;1;0;797652,551;5831689,994;13,39125581;52,55371159
214658;11;1;1300834;2021;7;21;6;3;3;6;2;0;0;0;1;0;1;1;798220,2043;5830068,423;13,39814758;52,53886594
214657;11;1;1200517;2021;7;14;5;2;6;4;0;0;1;1;0;1;0;0;793520,45;5829273,704;13,32835042;52,53429349
214656;11;5;5100315;2021;8;18;6;2;2;6;0;0;1;0;0;0;0;0;784200,0359;5830054,64;13,19198285;52,5462357
214655;11;7;7501029;2021;7;14;6;3;5;3;0;0;1;0;0;0;0;0;797568,25;5818731,722;13,37844079;52,43760141
214654;11;1;1100207;2021;7;19;6;2;5;3;0;0;1;0;0;0;0;0;797865,6633;5826764,596;13,38997639;52,5094452
214653;11;5;5300737;2021;8;8;5;3;1;7;0;0;1;0;0;0;0;0;787204,4819;5829405,277;13,2356064;52,5388382
214652;11;9;9200715;2021;7;14;5;3;5;2;0;1;1;0;0;0;0;0;808983,2062;5818111,209;13,54526465;52,42571165
214651;11;1;1100207;2021;8;13;5;3;5;3;0;1;1;0;0;0;0;0;798898,209;5827349,037;13,40567026;52,51411913
214650;11;6;6200421;2021;8;18;3;3;2;6;0;0;1;0;0;0;0;0;793450,3865;5817171,502;13,316669;52,42583941
214649;11;7;7200411;2021;8;16;3;2;5;3;0;0;1;0;1;0;0;1;795974,3739;5824530,565;13,36020494;52,49044846
214648;11;8;8100208;2021;8;20;1;3;5;3;1;0;1;0;0;0;1;0;801244,086;5822462,394;13,43571769;52,4690285
214647;11;4;4500937;2021;7;19;4;3;2;6;0;0;1;0;0;0;0;0;790917,9548;5824785,743;13,28616651;52,4954544
214646;11;5;5100211;2021;8;16;3;2;0;7;0;1;1;0;0;0;0;0;781900,9682;5829548,242;13,157739;52,5428897
214645;11;1;1100206;2021;8;18;7;3;1;5;0;0;1;0;1;0;0;0;797870,1602;5828174,704;13,39130484;52,52208262
214644;11;5;5200423;2021;7;12;6;3;5;7;0;0;1;0;0;0;0;0;781831,5822;5828436,051;13,1557752;52,53295317
214643;11;4;4300518;2021;8;9;5;3;5;7;0;1;1;0;0;0;0;0;792671,2954;5827808,767;13,31457762;52,52161751
214642;11;1;1400937;2021;7;10;6;3;5;2;0;0;1;0;0;0;0;0;793970,2564;5832017,357;13,33739126;52,55864618
214641;11;4;4300517;2021;8;15;5;3;5;2;0;0;1;0;0;0;0;0;791470,1404;5828283,692;13,29734061;52,52651854
214640;11;1;1100205;2021;8;17;4;3;5;2;0;1;1;0;0;0;0;0;797050,7992;5826550,944;13,37781432;52,50797437
214639;11;2;2200213;2021;8;18;3;3;5;7;0;1;0;0;0;0;1;0;800300,1887;5824577,491;13,42376896;52,48850668
214638;11;1;1401045;2021;8;20;2;3;2;6;2;0;1;0;0;1;0;1;796701,7839;5831920,282;13,37747959;52,55629462
214637;11;4;4501040;2021;7;10;4;2;5;2;0;0;1;0;1;0;0;0;792713,2066;5825479,109;13,3131446;52,50071038
214636;11;10;10100311;2021;8;12;1;3;0;6;0;0;1;0;1;0;0;0;806341,2919;5830125,879;13,51757096;52,5348766
214635;11;2;2500835;2021;7;20;7;3;5;2;0;1;1;0;0;0;0;0;802473,0508;5826374,695;13,45730475;52,50341551
214634;11;6;6100204;2021;8;16;6;3;2;6;0;0;1;0;0;0;0;0;795424,2798;5820707,819;13,34874075;52,45647818
214633;11;8;8100415;2021;8;9;2;3;1;5;0;1;1;0;0;0;0;0;801246,3099;5823693,87;13,43686257;52,48006533
214632;11;4;4300623;2021;8;16;6;3;5;3;0;0;1;0;0;0;0;0;792270,5892;5826005,539;13,30710473;52,50566695
214631;11;8;8100209;2021;7;18;3;3;1;5;0;0;0;0;0;1;1;0;801431,7695;5822268,008;13,43829666;52,46718265
214630;11;10;10100315;2021;8;18;5;3;2;2;0;0;1;0;1;0;0;0;809842,9995;5830997,392;13,56984522;52,54070743
214629;11;11;11300722;2021;7;10;4;3;5;2;0;1;0;0;0;1;0;0;803811,7858;5827754,484;13,47822666;52,51503844
214628;11;4;4501042;2021;7;13;5;3;1;5;0;0;1;0;0;0;0;0;794303,7172;5825806,498;13,33679746;52,50278975
214627;11;6;6300528;2021;8;19;4;3;8;1;1;0;1;0;0;0;0;0;790516,8093;5815559,318;13,2722471;52,41295123
214626;11;2;2100104;2021;8;8;3;3;2;6;0;0;1;0;0;0;0;0;799283,4469;5825964,919;13,41008589;52,50150131
214625;11;5;5100208;2021;7;11;4;3;5;2;0;0;1;0;0;0;0;0;782367,0195;5830503,443;13,16540521;52,55121303
214624;11;6;6400737;2021;8;7;4;3;5;3;0;1;0;0;0;0;0;0;784241,8703;5815910,034;13,1805373;52,41939041
214623;11;3;3400828;2021;7;8;2;3;5;2;0;1;1;0;0;0;0;0;799722,881;5832510,41;13,42244157;52,55992991
214622;11;2;2100103;2021;8;21;2;3;5;3;2;0;1;0;0;0;0;1;798549,3843;5826264,219;13,39957216;52,50458624
214621;11;2;2300314;2021;8;2;7;3;0;1;2;0;0;0;1;0;0;0;799955,3867;5826087,372;13,42006557;52,50222997
214620;11;1;1100313;2021;7;21;3;3;0;2;2;1;1;0;0;0;0;0;800472,6856;5826682,945;13,42820112;52,50728368
214619;11;7;7601544;2021;8;16;3;3;6;4;0;0;1;1;0;0;0;0;799883,4008;5813190,846;13,40743345;52,38667027
214618;11;3;3400620;2021;8;14;7;3;0;7;0;0;1;0;0;0;0;0;797727,776;5833788,402;13,39424496;52,57247988
214617;11;12;12601235;2021;7;18;5;3;1;5;0;0;1;0;1;0;0;1;794659,9501;5836273,579;13,35131855;52,59642687
214616;11;7;7501135;2021;7;15;6;3;1;7;0;0;1;0;0;0;0;0;798651,9687;5816979,958;13,3927715;52,42130816
214615;11;6;6400844;2021;8;8;4;2;5;2;0;1;1;0;0;0;0;0;791835,2215;5821376,206;13,29665531;52,46439849
214614;11;8;8100103;2021;7;20;5;2;5;7;0;0;1;0;1;0;0;0;800682,607;5822960,961;13,42792631;52,47380666
214613;11;1;1100102;2021;8;11;5;3;1;6;0;1;1;0;0;0;0;0;796111,109;5826639,456;13,364088;52,50927865
214612;11;1;1100309;2021;8;13;5;3;5;2;0;1;1;0;0;0;0;0;798867,767;5828555,395;13,40630682;52,5249491
214611;11;1;1200517;2021;8;12;3;3;2;6;0;0;1;0;0;0;0;1;793520,6146;5829272,243;13,32835155;52,53428031
214610;11;1;1100311;2021;7;20;7;3;5;2;1;0;1;0;0;0;1;0;800053,3457;5828509,404;13,4236882;52,5238857
214609;11;9;9200819;2021;8;0;1;2;9;1;2;0;0;0;1;0;0;0;810476,9524;5820285,15;13,56918142;52,44434839
214608;11;3;3300516;2021;7;15;4;3;1;5;0;0;1;0;0;0;1;0;800278,1392;5832681,426;13,43076259;52,56115686
214607;11;10;10100311;2021;8;13;2;3;2;6;0;0;0;0;1;1;0;0;806357,2975;5830199,088;13,51787367;52,53552371
214606;11;11;11200411;2021;7;14;7;3;5;3;0;0;1;0;0;0;1;0;805621,2581;5831683,431;13,5084213;52,54924006
214605;11;1;1100205;2021;7;18;5;2;5;2;1;0;1;0;1;0;0;0;797300,228;5827233,905;13,38208869;52,51396047
214604;11;12;12200515;2021;8;7;6;3;0;7;0;1;0;0;0;0;0;0;790609,8927;5834443,477;13,29008853;52,58219982
214603;11;1;1300834;2021;8;11;2;3;0;3;0;0;1;0;1;0;0;0;797832,7177;5830453,039;13,39279598;52,54252543
214602;11;1;1100311;2021;8;9;6;3;0;7;0;0;1;0;1;0;0;0;800058,342;5827408,941;13,42276904;52,5140191
214601;11;7;7501029;2021;8;14;3;3;2;6;0;0;1;0;0;0;0;0;797755,0079;5819064,478;13,38147647;52,44048259
214600;11;9;9401534;2021;7;9;5;3;2;2;0;0;1;0;0;0;1;0;811005,0034;5820318,651;13,57695684;52,44434854
214599;11;3;3601245;2021;7;14;5;3;0;7;0;0;0;0;0;0;1;0;800465,7551;5831498,673;13,43245139;52,55045212
214598;11;4;4400727;2021;8;13;3;2;5;2;0;1;1;0;0;0;0;0;791122,5998;5823173,218;13,28776378;52,48088897
214597;11;12;12100102;2021;7;13;4;3;0;5;0;0;1;0;0;0;1;0;796613,3477;5833524,179;13,37761279;52,57071989
214596;11;2;2100102;2021;7;14;7;3;2;6;0;0;1;0;0;0;1;0;798329,7314;5825557,894;13,39571283;52,49837509
214595;11;8;8100314;2021;8;13;6;3;2;6;0;0;1;0;0;0;0;0;800666,8152;5824322,328;13,42892209;52,48601778
214594;11;3;3601243;2021;8;20;2;3;0;1;0;1;0;0;0;0;0;0;799862,895;5831584,993;13,42366483;52,55155803
214593;11;10;10100208;2021;8;13;7;3;5;3;0;1;1;0;0;0;0;0;809230,8588;5831992,501;13,56177434;52,54997292
214592;11;4;4200311;2021;7;18;3;3;2;7;0;0;1;0;1;0;0;0;790364,2497;5827256,362;13,28018836;52,5178986
214591;11;4;4300620;2021;8;10;4;3;5;2;0;0;1;0;0;0;0;0;793410,4781;5827392,602;13,32507392;52,51748954
214590;11;12;12500825;2021;7;17;5;3;5;2;0;1;1;0;0;0;0;1;792156,3111;5834913,11;13,3132612;52,58558172
214589;11;4;4501148;2021;7;8;6;3;0;2;0;1;1;0;0;0;0;0;793328,4986;5823397,967;13,32035088;52,48172332
214588;11;9;9100306;2021;8;13;4;3;2;6;0;0;1;0;1;0;0;0;803836,935;5820977,637;13,47241922;52,45428505
214587;11;9;9200715;2021;8;15;2;3;5;2;0;0;1;0;0;0;0;0;808469,3995;5819056,425;13,53860396;52,43447265
214586;11;10;10300734;2021;8;12;6;3;5;3;0;1;1;0;0;0;0;0;809576,8768;5825608,93;13,56092024;52,49256921
214585;11;5;5300736;2021;8;17;4;2;0;3;0;0;1;0;1;0;0;0;786320,9982;5829463,475;13,22266572;52,53982491
214584;11;5;5200528;2021;8;18;2;3;5;2;0;0;1;0;0;0;0;1;783895,4082;5826614,63;13,18456466;52,51555093
214583;11;7;7200413;2021;7;16;4;3;0;3;0;1;1;0;0;0;0;0;795942,8561;5823774,308;13,35907057;52,48368633
214582;11;4;4300619;2021;8;23;1;3;0;1;2;0;0;0;0;0;1;0;792407,646;5827207,506;13,31017433;52,51636883
214581;11;4;4300517;2021;7;18;7;3;5;2;0;0;1;0;0;0;0;0;791792,1853;5828226,49;13,302024;52,52583347
214580;11;8;8200623;2021;8;15;6;3;5;2;0;1;1;0;0;0;0;0;802800,5922;5820810,83;13,45706342;52,45336502
214579;11;5;5100208;2021;8;16;3;2;6;4;0;0;1;1;0;0;0;0;781278,5792;5830763,763;13,14961525;52,55411039
214578;11;11;11200512;2021;8;6;7;3;5;2;0;0;1;0;0;0;0;0;802881,4656;5831209,155;13,46770645;52,54651945
214577;11;12;12500927;2021;7;12;2;3;5;3;0;1;0;0;0;0;0;0;792754,1405;5836274,443;13,32326315;52,59746395
214576;11;5;5100316;2021;8;13;4;3;5;2;0;0;1;0;1;0;0;0;784843,3103;5829239,898;13,20074491;52,5385948
214575;11;9;9501939;2021;7;5;4;3;0;6;0;0;1;0;0;0;1;1;811026,5788;5821822,297;13,57867341;52,45781128
214574;11;5;5100208;2021;7;14;5;2;2;2;0;0;1;0;1;0;0;0;781686,361;5830662,778;13,15552824;52,55299415
214573;11;10;10100102;2021;8;17;4;3;5;3;0;0;1;0;0;0;1;0;809450,9369;5834611,829;13,56745225;52,57332116
214572;11;1;1100309;2021;8;16;2;3;5;2;0;1;0;0;0;0;1;0;798680,7464;5828664,115;13,40365602;52,5260261
214571;11;4;4300412;2021;7;20;5;3;1;5;0;1;1;0;0;0;0;0;791622,9054;5827530,844;13,29892589;52,51968769
214570;11;4;4500936;2021;8;16;4;2;5;3;0;1;1;0;0;0;0;0;792086,7129;5825777,003;13,30420282;52,50371665
214569;11;2;2100104;2021;8;21;3;3;5;3;2;1;1;0;0;0;0;0;799284,2209;5826218,753;13,4103254;52,50377613
214568;11;1;1300836;2021;8;14;2;3;5;3;0;1;1;0;0;0;0;0;796541,0812;5830342,351;13,37370703;52,54223773
214567;11;1;1100102;2021;8;9;7;3;5;3;0;1;1;0;0;0;0;0;796560,4901;5826867,607;13,37089335;52,51107969
214566;11;4;4300517;2021;7;14;3;3;2;6;0;0;1;0;1;0;0;0;791702,1456;5827824,303;13,30034779;52,52227611
214565;11;4;4300412;2021;8;10;3;3;5;2;0;1;1;0;0;0;0;0;791666,0043;5827509,944;13,29954096;52,51947728
214564;11;8;8100312;2021;8;12;1;3;1;5;0;1;1;0;0;0;0;0;801522,2144;5823981,407;13,44117297;52,48249032
214563;11;5;5100104;2021;7;12;5;3;5;2;0;1;1;0;0;0;0;0;785669,4179;5831760,654;13,21506089;52,56076293
214562;11;10;10400938;2021;7;20;6;3;2;2;1;0;1;0;0;0;0;0;813228,1847;5828956,591;13,61767496;52,52048479
214561;11;12;12100204;2021;8;8;5;2;5;3;0;0;1;0;1;0;0;0;794906,7752;5832890,901;13,35194227;52,56597039
214560;11;7;7200410;2021;7;15;5;3;0;2;0;0;1;0;0;0;1;0;795715,2343;5824029,317;13,35595459;52,48609561
214559;11;1;1100309;2021;8;17;5;3;1;5;0;1;1;0;0;0;0;0;798904,9961;5828632,617;13,40692335;52,52562087
214558;11;2;2400624;2021;7;22;7;2;1;5;2;1;1;0;0;0;0;0;802004,979;5827175,473;13,45115623;52,51085219
214557;11;5;5100210;2021;8;9;5;3;1;5;0;0;1;0;0;0;1;0;784127,5183;5830399,275;13,19121119;52,54936355
214556;11;1;1100415;2021;8;10;3;3;5;3;0;1;1;0;0;0;0;0;798296,6679;5829369,914;13,39864469;52,53256291
214555;11;9;9200717;2021;8;12;1;3;2;6;0;1;1;0;0;0;0;0;809448,3304;5818695,194;13,55262369;52,43068244
214554;11;6;6300632;2021;7;19;4;3;1;5;0;1;1;0;0;0;0;0;792081,9048;5817140,574;13,29657315;52,42629439
214553;11;7;7200414;2021;8;22;1;3;0;1;2;0;1;0;0;0;0;1;796533,8227;5823968,698;13,36792065;52,48510824
214552;11;11;11200410;2021;7;0;1;3;6;4;2;0;0;1;0;0;1;0;805859,2505;5832362,995;13,51254626;52,55519689
214551;11;7;7501031;2021;8;13;5;3;1;7;0;0;1;0;0;0;1;0;798205,158;5819912,863;13,38883653;52,44784215
214550;11;12;12100205;2021;7;8;2;3;2;6;0;0;1;0;0;0;0;1;794195,3132;5835426,23;13,34372597;52,58908262
214549;11;9;9100101;2021;8;10;6;3;5;2;0;1;0;0;0;1;0;0;802360,3822;5825339,234;13,4547099;52,49419712
214548;11;8;8100311;2021;8;11;2;3;5;2;0;0;1;0;0;0;1;0;800527,3112;5824459,954;13,42699791;52,48732817
214547;11;5;5300840;2021;8;13;6;3;2;6;0;0;1;0;0;0;0;0;789409,1821;5828668,419;13,26738134;52,5310657
214546;11;2;2400521;2021;7;8;2;2;5;2;0;1;0;0;0;0;1;0;800484,7835;5828469,214;13,42999194;52,52328788
214545;11;11;11501238;2021;8;16;4;3;2;6;0;0;1;0;1;0;0;0;803818,2156;5826158,094;13,47686416;52,50072687
214544;11;2;2400625;2021;7;10;4;3;3;6;0;1;0;0;0;0;0;0;801731,9069;5826196,335;13,44625726;52,50222719
214543;11;9;9502042;2021;7;15;6;3;0;7;0;0;1;0;0;0;0;0;811341,9464;5821981,044;13,5834479;52,45905434
214542;11;2;2200209;2021;8;23;3;3;6;2;2;0;1;1;0;0;0;0;797771,93;5824035,095;13,38615926;52,4850296
214541;11;4;4200308;2021;7;22;6;3;5;2;2;0;1;0;0;0;0;0;790354,7108;5827306,385;13,28009184;52,51835215
214540;11;4;4501043;2021;7;0;2;2;0;1;2;0;0;0;0;0;1;0;792725,5422;5824764,655;13,31269791;52,49429889
214539;11;5;5100316;2021;8;16;6;2;5;2;0;1;1;0;0;0;0;0;783781,1294;5829110,653;13,18501545;52,53799017
214538;11;1;1100310;2021;8;7;2;3;1;7;0;1;1;0;0;0;0;0;799113,2614;5828861,606;13,41019002;52,52755919
214537;11;2;2100106;2021;8;23;6;3;5;7;2;0;1;0;0;0;0;1;798589,104;5825565,765;13,39952936;52,4983038
214536;11;4;4200311;2021;7;22;5;2;5;2;2;0;1;0;0;0;0;0;790449,35;5825976,206;13,28032171;52,5063766
214535;11;1;1100416;2021;7;11;6;3;5;3;0;1;1;0;0;0;0;0;798528,2501;5830051,652;13,402661;52,53854694
214534;11;1;1100310;2021;8;9;3;3;0;3;0;1;0;0;0;0;0;0;799097,8864;5828925,685;13,4100217;52,528142
214533;11;4;4300622;2021;8;16;3;3;5;3;0;0;1;0;0;0;0;0;793900,9527;5826241,139;13,33126453;52,50690318
214532;11;8;8100105;2021;7;13;5;2;5;3;0;1;1;0;0;0;0;0;801173,8241;5821800,452;13,43408906;52,46313405
214531;11;10;10200627;2021;8;15;5;3;5;3;0;1;1;0;0;0;0;0;811307,1471;5829839,997;13,5902806;52,52950126
214530;11;3;3601452;2021;8;11;4;2;5;2;0;0;1;0;0;0;0;0;801602,3657;5829351,909;13,44721505;52,53058251
214529;11;10;10400940;2021;8;13;2;3;6;4;0;0;1;1;0;0;0;0;813075,6572;5826560,434;13,61318062;52,49910038
214528;11;10;10100311;2021;8;11;7;3;5;2;0;1;1;0;0;0;0;0;806351,5754;5830182,35;13,51777415;52,53537692
214527;11;3;3601142;2021;7;18;4;3;5;2;0;1;1;0;0;0;0;0;799170,5119;5830744,165;13,41272611;52,54440205
214526;11;6;6300634;2021;8;11;3;3;3;6;0;1;1;0;0;0;0;0;792925,3759;5817732,448;13,30946113;52,43114954
214525;11;1;1200625;2021;8;14;7;3;5;2;0;0;1;0;0;0;0;0;794717,4491;5828443,15;13,3452104;52,52620224