OBJECTID;LAND;BEZ;LOR_ab_2021;UJAHR;UMONAT;USTUNDE;UWOCHENTAG;UKATEGORIE;UART;UTYP1;ULICHTVERH;IstRad;IstPKW;IstFuss;IstKrad;IstGkfz;IstSonstige;USTRZUSTAND;LINREFX;LINREFY;XGCSWGS84;YGCSWGS84,,,,
214524;11;9;9100408;2021;7;11;6;3;5;2;0;0;1;0;1;0;0;0;806744,3525;5820291,485;13,51444213;52,44651178
214523;11;3;3601450;2021;7;5;7;3;0;1;1;0;1;0;0;0;0;0;802387,3813;5829247,76;13,45865756;52,52921413
214522;11;1;1100308;2021;8;8;4;3;1;5;0;1;1;0;0;0;0;0;797553,8366;5828698,749;13,38712523;52,52695276
214521;11;4;4300622;2021;7;15;5;3;3;6;0;0;1;0;0;0;0;0;793414,5141;5826573,041;13,32441058;52,51014036
214520;11;6;6100102;2021;8;11;5;3;2;6;0;0;1;0;1;0;0;0;793771,2505;5821123,669;13,32484905;52,46109713
214519;11;7;7200307;2021;8;12;5;3;5;2;0;0;1;0;0;0;0;0;794947,35;5824323,662;13,34493935;52,48914959
214518;11;12;12400617;2021;8;11;4;3;1;5;0;1;1;0;0;0;0;0;785873,0017;5838582,631;13,22394365;52,62181951
214517;11;12;12200412;2021;7;18;4;3;0;6;0;0;1;0;0;0;1;0;791208,3911;5834071,657;13,2985701;52,57854655
214516;11;1;1100415;2021;7;18;7;3;4;6;0;1;0;0;0;0;1;0;797383,1888;5829151,575;13,38502226;52,53110491
214515;11;3;3300516;2021;8;15;4;3;5;3;0;1;1;0;0;0;0;0;801165,8157;5833191,795;13,44428119;52,56524109
214514;11;9;9501737;2021;8;8;4;2;6;4;0;0;1;1;0;0;0;0;814172,9906;5821924,747;13,6249256;52,45692989
214513;11;4;4300414;2021;8;13;2;3;1;5;0;0;1;0;0;0;1;0;791685,104;5827419,632;13,29974246;52,51865742
214512;11;11;11401135;2021;8;16;7;3;2;6;0;0;1;0;1;0;0;0;806002,1635;5825512,15;13,50834413;52,49371746
214511;11;1;1300733;2021;7;15;3;3;2;6;0;1;1;0;0;0;0;0;797396,9831;5831239,294;13,38709376;52,54981124
214510;11;10;10100312;2021;8;11;3;2;0;7;0;0;1;0;0;0;0;0;807681,8508;5830166,332;13,53731021;52,53448405
214509;11;5;5100208;2021;7;8;3;3;0;7;0;0;1;0;0;0;1;0;781533,3063;5830266,837;13,15294104;52,54952308
214508;11;5;5200528;2021;8;14;1;3;6;7;0;1;0;1;0;0;0;0;782638,962;5826825,329;13,16627721;52,51809275
214507;11;4;4501040;2021;7;15;7;3;5;2;0;0;1;0;1;0;0;0;792418,6555;5825410,99;13,3087579;52,50025763
214506;11;2;2500830;2021;7;18;7;3;5;2;0;1;1;0;0;0;0;0;802544,634;5827393,275;13,45928188;52,5125053
214505;11;4;4500938;2021;8;17;5;3;5;2;0;1;1;0;0;0;0;0;791572,9432;5824602,589;13,29562688;52,49346292
214504;11;8;8300934;2021;7;11;6;3;5;3;0;0;1;0;0;0;0;0;803272,7936;5818323,337;13,46173367;52,43080786
214503;11;4;4300412;2021;8;16;5;2;2;7;0;1;1;0;0;0;0;0;790790,5272;5827406,769;13,28658439;52,51901987
214502;11;5;5200630;2021;7;13;7;2;2;2;0;0;1;0;0;0;0;0;783395,9214;5827681,737;13,17813281;52,52537866
214501;11;3;3601142;2021;8;8;5;3;5;2;0;1;1;0;0;0;0;0;798877,4168;5831047,155;13,40868956;52,54727876
214500;11;11;11300722;2021;8;14;3;3;5;2;0;1;1;0;0;0;0;0;804254,8493;5827660,041;13,4846494;52,51394501
214499;11;9;9501939;2021;8;19;1;3;0;1;0;0;0;0;1;0;0;0;810420,9211;5821263,099;13,56926841;52,45314426
214498;11;9;9100408;2021;7;11;4;2;5;2;0;0;1;0;1;0;0;0;806736,1325;5820287,559;13,51431795;52,4464812
214497;11;9;9401329;2021;8;22;1;2;5;3;2;0;1;0;0;0;0;1;812185,173;5818670,125;13,59272507;52,428903
214496;11;10;10300734;2021;7;13;7;3;2;6;0;0;1;0;0;0;0;0;809659,7085;5826344,182;13,56281981;52,49911133
214495;11;7;7400826;2021;7;7;2;3;2;6;0;1;1;0;0;0;0;0;796375,887;5819730,898;13,36183777;52,44720568
214494;11;8;8100521;2021;8;18;6;3;5;3;0;1;1;0;0;0;0;0;802952,9866;5822470,626;13,46080555;52,46815734
214493;11;12;12500825;2021;8;9;2;3;1;5;0;1;1;0;0;0;0;0;791828,5708;5834818,999;13,30835459;52,58491395
214492;11;7;7601341;2021;8;18;6;3;0;1;0;1;0;0;0;0;0;1;798091,2792;5814994,03;13,38278229;52,403812
214491;11;1;1100416;2021;7;16;2;3;5;3;0;1;0;0;0;0;0;0;798573,7064;5829253,97;13,40261263;52,53137195
214490;11;2;2100104;2021;8;16;4;3;3;6;0;1;0;0;1;0;0;0;799280,7385;5826124,754;13,41018976;52,50293548
214489;11;11;11200512;2021;7;11;5;2;5;7;0;0;1;0;0;0;1;0;803026,8402;5830775,114;13,46944777;52,54254841
214488;11;1;1100312;2021;7;8;5;3;5;2;0;1;1;0;0;0;0;0;799517,7026;5826714,166;13,41420065;52,50808865
214487;11;1;1300834;2021;8;17;4;3;6;7;0;1;0;1;0;0;0;0;797534,7214;5830997,827;13,3889028;52,54757158
214486;11;6;6200313;2021;8;19;3;3;5;3;0;1;1;0;0;0;0;0;794988,2699;5818425,367;13,3403272;52,43625274
214485;11;9;9200819;2021;7;14;3;3;5;3;0;0;1;0;0;0;1;0;810496,8481;5820097,275;13,56929864;52,44265342
214484;11;9;9200715;2021;7;8;2;3;5;2;0;1;0;0;0;0;1;0;807718,4983;5818728,525;13,52729145;52,43195686
214483;11;2;2400520;2021;8;7;2;3;5;2;0;1;1;0;0;0;0;0;800327,2834;5828827,183;13,42800076;52,52658323
214482;11;2;2500833;2021;8;14;7;3;5;2;0;1;1;0;0;0;0;0;802523,1333;5827271,42;13,45885525;52,51142505
214481;11;9;9100305;2021;8;6;3;3;6;4;0;0;0;1;1;0;0;0;804964,5066;5822520,387;13,49037102;52,46748427
214480;11;10;10100209;2021;8;14;7;3;2;6;0;0;1;0;0;0;0;0;810001,5346;5832237,118;13,5733324;52,55172704
214479;11;1;2100104;2021;7;16;5;3;5;3;0;1;1;0;0;0;0;1;799366,1489;5826336,252;13,41163447;52,5047844
214478;11;9;9100305;2021;7;8;6;3;6;2;0;0;1;1;0;0;0;0;805020,4799;5822709,495;13,49136531;52,46914792
214477;11;2;2400623;2021;8;5;5;3;5;3;0;1;1;0;0;0;0;0;800357,801;5827846,593;13,42756374;52,51777709
214476;11;3;3100103;2021;7;13;5;3;5;3;0;0;1;0;0;0;0;0;804255,1964;5840479,651;13,49641515;52,62884008
214475;11;4;4501042;2021;8;13;5;3;0;7;0;0;0;0;1;0;1;1;793915,9473;5825563,629;13,33088675;52,50082157
214474;11;6;6400844;2021;8;17;4;2;5;2;0;1;1;0;0;0;0;0;792381,1402;5820930,835;13,30427805;52,46011395
214473;11;7;7400928;2021;8;7;3;3;5;2;0;1;1;0;0;0;0;1;800259,2952;5821588,251;13,42047743;52,46173528
214472;11;7;7601236;2021;7;11;7;3;2;2;0;0;1;0;0;0;0;0;797200,8871;5817146,33;13,37164343;52,42358953
214471;11;6;6400843;2021;8;12;1;3;5;3;0;0;1;0;0;0;0;0;791204,402;5819702,079;13,28593589;52,44972637
214470;11;2;2500835;2021;7;12;4;3;5;3;0;0;1;0;0;0;1;0;802110,476;5826375,166;13,45197974;52,5036206
214469;11;9;9200717;2021;8;7;3;3;5;3;0;1;1;0;0;0;0;0;809544,4352;5819798,764;13,55505453;52,44051813
214468;11;1;1100309;2021;8;20;7;2;1;7;1;0;1;0;0;0;0;1;798582,8085;5828911,913;13,4024392;52,52830091
214467;11;2;2300314;2021;7;13;7;3;3;6;0;1;0;0;0;0;1;0;800006,9656;5826250,754;13,42097037;52,50366607
214466;11;1;1300732;2021;7;19;1;3;1;5;0;0;1;0;1;0;0;1;797867,5534;5832593,292;13,39522825;52,56169089
214465;11;1;1100309;2021;7;13;6;3;1;5;0;1;1;0;0;0;0;0;798963,0228;5828947,594;13,40805932;52,52841236
214464;11;4;4300416;2021;8;16;6;3;1;5;0;0;1;0;0;0;1;0;791423,0088;5825884,502;13,29454642;52,50503526
214463;11;2;2300417;2021;7;16;3;3;5;3;0;1;1;0;0;0;0;0;800293,6693;5825547,357;13,42454737;52,49720355
214462;11;9;9100407;2021;8;15;5;3;5;3;0;1;1;0;0;0;0;0;806271,1494;5820979,232;13,50813187;52,45294093
214461;11;1;1100101;2021;8;19;4;3;2;6;0;0;1;0;0;0;1;0;794893,3565;5825977,004;13,34561015;52,50399987
214460;11;2;2200210;2021;8;6;2;3;5;2;0;1;1;0;0;0;0;0;798341,8459;5825498,698;13,39583774;52,49783785
214459;11;1;1200520;2021;7;17;4;3;3;6;0;1;0;0;0;0;0;0;794564,49;5829157,656;13,34359534;52,53268995
214458;11;2;2200209;2021;8;17;1;3;5;2;0;1;0;0;1;0;0;0;797479,4993;5824554,786;13,38232934;52,48984746
214457;11;12;12500928;2021;7;2;1;2;1;1;2;0;1;0;0;0;1;0;791780,7889;5836929,459;13,30951071;52,60385905
214456;11;9;9501736;2021;8;22;6;3;4;5;2;0;1;0;0;0;0;0;813313,9689;5820891,169;13,61135494;52,44816094
214455;11;2;2300315;2021;8;5;2;3;2;6;0;1;1;0;0;0;0;0;800162,7743;5825745,641;13,42280368;52,49905285
214454;11;1;1401045;2021;8;21;5;3;6;4;2;0;1;1;0;0;0;0;796403,9516;5831937,836;13,37311502;52,55661415
214453;11;6;6100204;2021;7;18;2;3;2;6;0;0;1;0;0;0;0;0;795341,0832;5820001,972;13,34689564;52,45019566
214452;11;5;5300736;2021;8;12;4;3;0;7;0;1;0;0;0;0;0;0;785942,775;5829214,827;13,21689012;52,5377942
214451;11;2;2200207;2021;7;17;4;3;5;2;0;1;1;0;0;0;0;0;797089,366;5824711,85;13,37674034;52,49146784
214450;11;8;8100419;2021;7;16;5;3;0;6;0;0;1;0;1;0;0;0;802381,8254;5824027,788;13,4538349;52,4824307
214449;11;3;3400620;2021;8;10;3;2;5;3;0;1;1;0;0;0;0;1;797412,2295;5833971,557;13,38976687;52,57429414
214448;11;7;7400823;2021;8;19;2;3;5;2;0;1;1;0;0;0;0;0;797351,362;5821922,428;13,37810039;52,46632094
214447;11;6;6100209;2021;7;11;3;2;5;2;0;0;1;0;1;0;0;0;794654,7184;5820891,001;13,33760952;52,45853574
214446;11;8;8300934;2021;8;16;3;3;5;3;0;1;1;0;0;0;0;0;803997,8398;5818437,925;13,47246945;52,4314325
214445;11;4;4500937;2021;8;15;1;2;2;6;0;1;1;0;0;0;0;0;790892,7401;5824753,122;13,28576766;52,49517539
214444;11;1;1100308;2021;7;1;5;2;0;7;2;0;0;0;0;0;1;0;796751,4558;5828215,296;13,37490107;52,52305646
214443;11;7;7400824;2021;8;20;1;2;0;2;1;1;0;0;0;0;1;1;797842,7675;5822041,769;13,3854192;52,46712304
214442;11;2;2500728;2021;7;13;7;3;0;1;0;1;0;0;0;0;0;0;802899,4904;5827647,034;13,46472593;52,51458278
214441;11;3;3200308;2021;7;9;1;3;2;6;0;1;1;0;0;0;0;0;800186,2116;5836565,627;13,43292781;52,59602231
214440;11;4;4100101;2021;8;8;6;3;0;3;0;1;1;0;0;0;0;0;790966,852;5829720,672;13,29120086;52,5396698
214439;11;5;5400942;2021;8;12;2;3;1;5;0;0;1;0;0;0;0;0;783765,3847;5823866,125;13,1803112;52,49097486
214438;11;5;5200631;2021;8;11;6;2;5;7;0;0;1;0;1;0;0;0;784776,4604;5826917,137;13,19777233;52,51780388
214437;11;1;1300730;2021;8;21;4;3;5;2;2;0;1;0;0;0;0;0;796164,545;5832275,128;13,36989499;52,55976787
214436;11;12;12200412;2021;7;16;4;2;3;6;0;0;1;0;0;0;1;0;788533,5233;5832732,727;13,25804003;52,56796766
214435;11;4;4501042;2021;7;8;5;3;5;3;0;1;0;0;0;0;1;0;794092,6504;5826440,469;13,33425693;52,50858676
214434;11;4;4400726;2021;8;21;3;3;0;7;2;0;0;0;1;0;0;0;790846,9185;5823658,712;13,28413936;52,48538837
214433;11;9;9200614;2021;8;11;3;3;2;1;0;0;1;0;0;0;0;0;808429,9819;5820873,873;13,53970339;52,45078295
214432;11;4;4500938;2021;7;11;3;3;0;2;0;1;0;0;1;0;0;0;791775,351;5824819,982;13,29879016;52,49530367
214431;11;5;5100314;2021;7;7;2;3;5;3;0;0;1;0;1;0;0;0;785369,6137;5830606,94;13,20965838;52,55057614
214430;11;8;8100312;2021;8;13;2;3;6;7;0;0;0;1;0;0;1;0;800875,8369;5824367,778;13,43203207;52,48631001
214429;11;7;7300516;2021;8;0;6;3;5;7;2;1;1;0;0;0;0;0;793951,374;5822015,033;13,32827774;52,46899098
214428;11;1;1100415;2021;7;18;2;3;3;6;0;1;0;0;0;0;0;0;798202,14;5829355,32;13,39724217;52,53248382
214427;11;9;9200511;2021;8;16;3;3;5;2;0;1;1;0;0;0;0;0;807078,8845;5822532,972;13,5214103;52,46641281
214426;11;3;3400831;2021;8;12;6;3;0;6;0;0;1;0;0;1;0;0;799409,1154;5833518,553;13,41873668;52,56913886
214425;11;1;1200520;2021;7;11;6;3;5;2;0;1;1;0;0;0;0;0;794414,6657;5829093,988;13,34133656;52,53220016
214424;11;4;4501149;2021;7;14;6;2;5;2;0;0;1;0;1;0;0;0;793685,8164;5824471,668;13,32654352;52,49115653
214423;11;7;7601442;2021;8;8;4;3;5;2;0;1;0;0;0;1;0;0;798702,1755;5816032,368;13,39266186;52,41278668
214422;11;10;10200629;2021;7;3;5;2;0;1;2;1;0;0;0;0;0;0;810870,3158;5828597,999;13,58270096;52,51862051
214421;11;4;4501045;2021;8;17;5;3;5;2;0;1;1;0;0;0;0;0;794385,6878;5824881,634;13,33718413;52,49445467
214420;11;11;11200411;2021;8;17;3;3;5;2;0;0;1;0;0;0;0;0;805722,1407;5831818,197;13,51002855;52,55039125
214419;11;10;10300734;2021;8;15;3;3;3;6;0;1;1;0;0;0;0;1;809729,3592;5826098,531;13,56361415;52,49687036
214418;11;1;1100102;2021;7;20;7;2;5;3;0;1;1;0;0;0;0;0;795040,5381;5827226,715;13,34888003;52,51512306
214417;11;6;6100209;2021;8;18;1;3;5;2;0;1;1;0;0;0;0;0;794765,5828;5820909,168;13,33925251;52,45863881
214416;11;7;7601340;2021;7;21;3;2;3;2;1;1;1;0;0;0;0;0;796637,7923;5815848,109;13,36223596;52,4122575
214415;11;8;8401241;2021;8;7;3;3;5;3;0;0;1;0;0;0;0;0;804754,2717;5818468,459;13,48358908;52,43128531
214414;11;8;8100314;2021;8;22;7;3;5;7;2;0;1;0;1;0;0;1;801090,5599;5824014,015;13,43486521;52,48302077
214413;11;4;4501042;2021;7;19;6;3;6;4;0;0;0;1;0;0;1;0;794233,2293;5825986,268;13,33592086;52,5044393
214412;11;11;11300725;2021;8;18;5;3;4;5;0;1;1;0;0;0;0;0;805205,1431;5828075,723;13,49899096;52,51713964
214411;11;3;3601450;2021;7;15;6;2;5;3;0;1;0;0;1;0;0;0;802657,2028;5829611,433;13,46295402;52,53232396
214410;11;2;2500835;2021;8;9;6;3;5;2;0;1;1;0;0;0;0;0;803017,1695;5825753,806;13,46473165;52,49754867
214409;11;6;6300631;2021;8;11;2;2;5;3;0;1;1;0;0;0;0;0;791641,0261;5816249,042;13,28933031;52,4185369
214408;11;5;5300735;2021;8;17;6;3;5;2;0;0;1;0;0;0;0;0;786568,6339;5830554,345;13,22724823;52,5494751
214407;11;2;2400521;2021;8;10;4;3;0;2;0;1;1;0;0;0;0;0;800684,7934;5828487,465;13,43294756;52,5233412
214406;11;3;3400721;2021;8;9;2;3;1;5;0;1;1;0;0;0;0;0;797960,1991;5833176,144;13,39711436;52,56686466
214405;11;1;1300836;2021;7;17;5;3;2;6;0;0;1;0;0;0;0;0;796462,0807;5829949,566;13,37219505;52,53875982
214404;11;11;11400930;2021;8;18;1;3;5;3;0;0;1;0;0;0;0;0;806045,0358;5826605,534;13,50997829;52,5034927
214403;11;7;7400823;2021;7;22;1;3;5;3;2;0;1;0;0;0;0;0;796910,0833;5822293,222;13,37195366;52,46988473
214402;11;3;3300517;2021;8;15;6;3;5;2;0;1;1;0;0;0;0;0;803365,6195;5833523,618;13,47693962;52,56699383
214401;11;9;9200819;2021;8;22;2;3;0;3;2;0;0;0;1;0;0;1;810207,0288;5819629,671;13,56461433;52,43862734
214400;11;4;4501040;2021;8;15;7;3;5;7;0;0;1;0;1;0;0;0;792141,7641;5825766,568;13,30500241;52,50359363
214399;11;2;2200209;2021;7;21;3;3;5;2;2;0;1;0;0;0;0;0;797753,1502;5824034,352;13,38588286;52,48503318
214398;11;9;9100407;2021;8;9;5;3;1;5;0;1;1;0;0;0;0;0;806230,0582;5820480,839;13,50707213;52,44849713
214397;11;9;9501737;2021;7;10;4;3;3;6;0;0;1;0;1;0;0;0;814210,095;5822012,573;13,62555253;52,45769556
214396;11;9;9100304;2021;7;11;5;2;5;3;0;0;0;0;1;0;1;0;804667,9556;5822163,171;13,48569295;52,46444809
214395;11;8;8100314;2021;8;18;3;3;7;7;0;1;1;0;0;0;1;1;801096,618;5824022,569;13,43496188;52,4830941
214394;11;2;2400521;2021;8;16;2;2;5;3;0;0;1;0;0;0;1;0;800719,1073;5827883,918;13,43290616;52,51791254
214393;11;4;4200206;2021;7;1;4;3;0;7;2;0;1;0;0;0;0;0;787901,1876;5825833,535;13,24275868;52,50644817
214392;11;9;9200715;2021;8;16;4;2;5;2;0;1;1;0;0;0;0;0;808657,5509;5819171,531;13,54146912;52,43539811
214391;11;7;7400721;2021;7;9;3;3;2;2;0;0;1;0;0;0;0;0;797911,7195;5823961,101;13,38814566;52,48429007
214390;11;2;2100105;2021;8;23;2;3;5;3;2;0;1;0;0;0;0;1;799551,5815;5825854,405;13,41392484;52,50036359
214389;11;11;11501238;2021;8;0;7;3;0;1;2;1;0;0;0;0;0;0;803698,111;5826235,688;13,47517101;52,50148917
214388;11;5;5200420;2021;7;22;3;3;1;1;2;0;1;0;0;0;1;0;782725,9569;5828559,412;13,16903034;52,53359605
214387;11;2;2400522;2021;8;18;3;3;3;6;0;0;1;0;0;0;0;0;802102,6051;5827736,504;13,4530997;52,51582666
214386;11;1;1100416;2021;8;20;7;3;0;4;0;1;0;1;0;0;0;0;798622,4806;5829351,822;13,40341742;52,53222234
214385;11;1;1200623;2021;7;20;5;3;2;2;1;0;1;0;0;0;0;0;795443,1252;5829543,892;13,35685422;52,53567669
214384;11;2;2100104;2021;7;11;6;3;5;2;0;1;1;0;0;0;0;0;799282,7575;5826219,287;13,41030438;52,50378172
214383;11;1;1300733;2021;8;7;4;3;5;2;0;1;1;0;0;0;0;0;797574,5753;5831890,099;13,39028849;52,55554788
214382;11;5;5100211;2021;7;9;5;3;5;2;0;0;1;0;0;0;0;0;781907,167;5829570,412;13,15784898;52,54308527
214381;11;5;5200631;2021;8;14;5;3;1;5;0;0;1;0;0;0;0;0;784747,4535;5827417,927;13,1977747;52,52230911
214380;11;9;9502043;2021;8;13;4;3;2;6;0;0;1;0;0;0;0;0;811328,433;5822415,78;13,58365509;52,46295791
214379;11;5;5100211;2021;8;15;3;3;5;2;0;1;1;0;0;0;0;1;781914,9502;5829568,03;13,15796142;52,54305989
214378;11;1;1400942;2021;8;17;1;3;5;3;0;1;0;0;0;0;1;0;794808,0345;5830942,764;13,34875936;52,5485604
214377;11;1;1300836;2021;7;8;4;3;5;2;0;1;1;0;0;0;0;0;796571,2339;5830501,323;13,37429227;52,54364632
214376;11;1;1100101;2021;7;15;2;3;2;6;0;0;1;0;1;0;0;0;794591,3162;5826073,399;13,3412584;52,50502715
214375;11;7;7100102;2021;8;11;2;3;2;6;0;0;1;0;0;0;0;0;795390,2188;5825514,815;13,35249909;52,49958794
214374;11;2;2300316;2021;8;18;7;3;1;5;0;0;1;0;0;0;1;0;801157,7778;5826269,138;13,43789046;52,5031969
214373;11;4;4501042;2021;7;17;2;3;2;2;0;1;0;0;0;0;0;0;793932,1671;5825811,445;13,33134375;52,50303438
214372;11;4;4501045;2021;8;13;2;3;5;3;0;0;1;0;0;0;0;0;793965,6272;5824957,71;13,33108173;52,49536305
214371;11;7;7100205;2021;8;10;7;3;5;3;0;1;1;0;0;0;0;0;796018,3537;5824976,164;13,36124669;52,49441903
214370;11;1;1401045;2021;7;19;5;3;5;3;0;1;1;0;0;0;0;0;796871,4018;5831556,118;13,37964849;52,55293788
214369;11;12;12500825;2021;7;11;6;3;2;6;0;0;1;0;0;0;1;0;792104,193;5834870,635;13,31245668;52,58522893
214368;11;3;3400723;2021;8;7;5;3;0;7;0;1;0;0;0;0;0;0;799592,6423;5833989,189;13,42186159;52,57325634
214367;11;3;3300412;2021;7;9;4;3;5;3;0;1;0;0;0;0;1;0;802635,3009;5838879,11;13,47109026;52,61539997
214366;11;4;4300619;2021;8;10;5;3;5;7;0;0;1;0;1;0;0;0;792150,0352;5827387,264;13,30654659;52,51811838
214365;11;11;11100204;2021;8;15;5;2;6;4;0;0;1;1;0;0;0;0;806309,2209;5833911,072;13,52059151;52,56881806
214364;11;1;1300732;2021;8;16;3;3;0;1;0;0;0;0;1;0;0;0;797632,9108;5832087,826;13,39132369;52,55728837
214363;11;12;12400619;2021;8;21;1;3;8;1;2;0;1;0;0;0;0;0;788619,9039;5836143,978;13,26228189;52,59850441
214362;11;2;2200213;2021;7;17;3;3;6;3;0;1;0;1;0;0;0;0;799995,7453;5824726,386;13,41943269;52,49000867
214361;11;5;5200632;2021;8;10;3;3;6;7;0;0;1;1;0;0;0;0;785389,8169;5828073,951;13,2077798;52,52785511
214360;11;4;4300620;2021;7;9;3;3;6;4;0;1;0;1;0;0;0;0;793540,1041;5827710,182;13,32725901;52,52026673
214359;11;1;1401048;2021;8;22;7;3;0;7;2;0;1;0;0;0;0;1;795639,1744;5831132,052;13,36114961;52,54980677
214358;11;3;3400725;2021;7;7;6;3;0;1;0;0;1;0;0;0;0;0;799885,9774;5835613,736;13,4276468;52,58765598
214357;11;1;1100415;2021;7;23;6;3;1;5;2;1;0;0;0;0;1;1;798322,7873;5829355,527;13,3990157;52,53241965
214356;11;8;8300934;2021;7;6;5;3;5;2;0;0;1;0;0;0;0;0;803148,616;5818434,682;13,46001373;52,43187468
214355;11;11;11200513;2021;8;10;6;3;6;4;0;0;1;1;0;0;0;0;804502,1303;5830971,829;13,49131516;52,54348903
214354;11;8;8100419;2021;8;15;2;3;5;2;0;1;1;0;0;0;0;0;802028,444;5824302,069;13,44889544;52,48508469
214353;11;9;9200819;2021;8;19;6;3;0;5;0;1;0;0;0;0;0;1;810491,0318;5820154,455;13,56926647;52,44316915
214352;11;8;8100206;2021;8;19;4;3;5;7;0;0;1;0;1;0;0;0;800390,9441;5824093,94;13,42466577;52,48412249
214351;11;2;2500728;2021;8;16;2;3;6;4;0;0;1;1;0;0;0;0;802897,3715;5827852,305;13,46488166;52,51642377
214350;11;6;6300634;2021;7;17;4;3;0;6;0;1;1;0;0;0;0;0;791941,5767;5819046,021;13,2961792;52,44345165
214349;11;2;2100104;2021;8;9;2;3;5;2;0;1;1;0;0;0;0;0;799292,6943;5826222,056;13,41045283;52,50380109
214348;11;6;6300524;2021;7;0;7;3;1;5;2;0;1;0;0;1;0;1;787528,8877;5817090,51;13,22975418;52,42825727
214347;11;10;10400939;2021;8;16;6;3;6;2;0;0;1;1;0;0;0;0;813016,4278;5827638,44;13,61332431;52,50879441
214346;11;4;4501148;2021;8;20;2;3;0;1;2;0;0;0;1;0;0;1;792847,8648;5823225,817;13,31314236;52,48043802
214345;11;2;2100101;2021;8;14;6;3;6;4;0;0;1;1;0;0;0;0;797398,2337;5826192,282;13,382598;52,50457008
214344;11;10;10100312;2021;7;17;2;2;5;3;0;0;1;0;0;0;1;0;807933,398;5829211,191;13,5401224;52,52578212
214343;11;5;5100208;2021;8;12;4;2;4;6;0;0;0;0;1;0;1;0;782354,9078;5830455,866;13,16518659;52,55079272
214342;11;9;9100101;2021;7;20;5;2;5;2;0;1;1;0;0;0;0;0;802315,9187;5824783,382;13,45355265;52,48923963
214341;11;4;4300517;2021;7;16;7;3;5;2;0;0;1;0;0;0;0;0;791475,3363;5828280,304;13,29741401;52,52648539
214340;11;10;10100315;2021;8;13;4;2;2;2;0;0;1;0;1;0;0;0;809910,9235;5831605,378;13,57141074;52,54611727
214339;11;4;4400833;2021;8;2;4;3;8;1;2;0;1;0;0;0;1;0;792210,2313;5822609,648;13,30323998;52,47525573
214338;11;5;5200420;2021;7;18;4;2;2;7;0;0;1;0;1;0;0;0;783179,2864;5828615,442;13,17574352;52,53386308
214337;11;6;6100103;2021;8;15;4;3;5;3;0;0;1;0;0;0;0;0;793460,1949;5821478,121;13,32059555;52,46444181
214336;11;11;11300723;2021;8;17;3;2;5;3;1;1;1;0;0;0;0;0;805198,7001;5828433,153;13,4992242;52,52034669
214335;11;8;8200624;2021;8;12;2;3;0;7;0;1;0;0;0;0;0;0;801380,7547;5820278,106;13,43575164;52,44937472
214334;11;12;12200309;2021;8;18;7;3;5;2;0;1;1;0;0;0;0;0;792857,7934;5832732,755;13,32165966;52,5656588
214333;11;1;1100309;2021;7;14;3;3;2;6;0;0;1;0;0;0;1;0;798423,0631;5828388,19;13,39962139;52,52369392
214332;11;4;4501041;2021;8;11;3;3;1;5;0;1;1;0;0;0;0;0;793116,5145;5825606,95;13,31918156;52,50163993
214331;11;8;8100415;2021;8;22;1;3;4;6;2;1;1;0;0;0;0;1;801204,8942;5823702,914;13,43626274;52,48016924
214330;11;4;4501150;2021;7;13;7;3;6;7;0;0;1;1;0;0;0;0;793373,1963;5823924,071;13,32147021;52,48641564
214329;11;2;2200207;2021;7;20;7;3;5;2;0;1;1;0;0;0;0;0;797090,4104;5824707,864;13,37675212;52,49143154
214328;11;3;3701660;2021;8;1;5;3;2;7;2;1;0;0;0;0;1;0;800541,708;5829474,023;13,43173667;52,53226285
214327;11;6;6100101;2021;7;18;5;3;1;5;0;0;1;0;0;0;0;0;793027,9893;5821485,18;13,31425802;52,46473706
214326;11;2;2100102;2021;8;17;5;2;5;2;0;1;1;0;0;0;0;0;798448,9756;5826534,786;13,39833978;52,50706645
214325;11;8;8100209;2021;8;10;5;2;5;3;0;0;0;0;1;1;0;0;801812,3523;5821964,531;13,44360762;52,46425243
214324;11;10;10400835;2021;8;15;3;3;5;3;0;0;1;0;0;0;1;0;811901,5814;5829747,983;13,59892867;52,52833695
214323;11;12;12200414;2021;8;11;1;2;0;1;0;0;0;0;1;0;0;0;791993,6462;5831678,13;13,30801881;52,5566686
214322;11;2;2100104;2021;7;7;4;3;5;3;0;1;1;0;0;0;0;0;799343,492;5826192,25;13,41117219;52,50350606
214321;11;7;7601237;2021;8;9;2;3;0;6;0;0;1;0;1;0;0;0;797357,8752;5817234,273;13,3740235;52,42429257
214320;11;1;1100311;2021;7;19;2;3;0;6;0;1;0;0;0;0;0;0;799723,4538;5827707,294;13,41811759;52,51687749
214319;11;2;2100104;2021;8;22;5;3;5;3;2;1;1;0;0;0;0;0;799418,3243;5826149,051;13,41223253;52,50307779
214318;11;11;11300619;2021;7;11;1;2;6;4;0;0;1;1;0;0;0;0;803835,0464;5828677,186;13,47941111;52,52329536
214317;11;10;10100314;2021;8;19;5;3;5;3;0;0;1;0;0;0;0;0;808467,8368;5830162,901;13,54885813;52,53400906
214316;11;4;4500937;2021;8;17;2;3;5;7;0;0;1;0;1;0;0;0;791532,5432;5825099,754;13,29546861;52,49794155
214315;11;8;8100102;2021;8;19;6;3;0;2;0;1;1;0;0;0;0;1;800587,0769;5823219,662;13,42675722;52,47617807