OBJECTID;LAND;BEZ;LOR_ab_2021;UJAHR;UMONAT;USTUNDE;UWOCHENTAG;UKATEGORIE;UART;UTYP1;ULICHTVERH;IstRad;IstPKW;IstFuss;IstKrad;IstGkfz;IstSonstige;USTRZUSTAND;LINREFX;LINREFY;XGCSWGS84;YGCSWGS84,,,,
212431;11;2;2200210;2021;6;3;7;3;0;1;1;0;0;0;1;0;0;0;798731,3426;5824997,661;13,40110898;52,49313366
212430;11;1;1400940;2021;6;16;3;3;5;2;0;1;1;0;0;0;0;0;795791,864;5832049,696;13,36421254;52,55794966
212429;11;7;7501134;2021;6;22;4;3;5;2;2;1;1;0;0;0;0;0;798320,2137;5818973,59;13,38968589;52,43935986
212428;11;4;4100101;2021;6;8;2;3;2;6;0;0;1;0;0;0;0;0;791096,6529;5829125,414;13,2925879;52,53426405
212427;11;4;4501041;2021;6;23;1;3;3;6;2;1;1;0;0;0;0;0;792864,1205;5825526,874;13,31540348;52,5010576
212426;11;3;3300516;2021;7;0;1;3;1;5;2;0;0;0;1;0;1;0;800135,3887;5833860,721;13,42973002;52,57180584
212425;11;4;4501040;2021;6;22;1;3;3;6;2;0;1;0;0;0;1;0;792338,3616;5825392,415;13,3075621;52,50013413
212424;11;1;1100313;2021;6;20;4;3;0;2;1;1;0;0;1;0;0;1;799768,6456;5826564,029;13,41775184;52,50660508
212423;11;9;9301228;2021;7;21;4;2;0;1;1;1;0;0;0;0;0;0;818693,3788;5812585,767;13,68233949;52,37063366
212422;11;1;1200517;2021;7;8;5;3;5;3;0;1;1;0;0;0;0;0;794421,5645;5829389,02;13,34169931;52,53484119
212421;11;2;2200207;2021;6;7;5;3;5;2;0;1;0;0;0;0;1;0;797090,9083;5824705,964;13,37675774;52,49141423
212420;11;8;8200623;2021;5;11;1;3;6;7;0;0;1;1;0;0;0;0;801393,9295;5821142,903;13,43672539;52,4571189
212419;11;3;3601141;2021;6;6;6;3;5;3;0;0;1;0;1;0;0;0;799240,6989;5831804,734;13,41471371;52,55386983
212418;11;12;12200309;2021;6;6;4;3;3;6;0;0;1;0;1;0;0;0;793585,6029;5832350,255;13,33202804;52,56183792
212417;11;3;3400721;2021;6;15;3;3;5;3;0;1;0;0;0;0;0;0;798050,2994;5832924,247;13,39821344;52,56455744
212416;11;7;7601544;2021;6;10;6;3;5;2;0;1;1;0;0;0;0;0;799436,499;5814036,082;13,4016414;52,39449122
212415;11;6;6400844;2021;6;15;2;3;2;6;0;0;1;0;0;0;0;0;790509,4402;5821289,576;13,27711978;52,46432836
212414;11;5;5100103;2021;6;18;1;3;6;4;0;0;1;1;0;0;0;0;785336,9646;5832488,376;13,21079583;52,56746187
212413;11;5;5100315;2021;5;14;5;3;5;3;0;0;1;0;0;0;1;0;784657,3959;5829702,3;13,19840733;52,54283785
212412;11;1;1300732;2021;6;17;4;3;6;4;0;0;1;1;0;0;0;0;797670,2294;5832849,339;13,39255561;52,56409392
212411;11;1;1300834;2021;5;20;1;3;5;3;2;1;1;0;0;0;0;0;798356,9026;5830141,889;13,40022311;52,53944963
212410;11;7;7200409;2021;6;7;3;3;5;5;0;0;1;0;1;0;0;0;795514,2982;5824438,883;13,35336721;52,48987586
212409;11;3;3400724;2021;7;11;2;3;0;3;0;0;1;0;0;0;1;1;799992,0057;5834943,82;13,42860072;52,58159293
212408;11;3;3701554;2021;6;13;5;3;2;7;0;1;0;0;0;0;1;0;798892,4502;5829878,085;13,4078588;52,53679155
212407;11;8;8100415;2021;7;18;6;3;1;5;0;1;1;0;0;0;0;0;801758,9313;5823551,302;13,44425897;52,47850446
212406;11;6;6400840;2021;7;15;6;3;5;7;0;0;1;0;0;0;0;1;788829,2185;5819597,161;13,25099221;52,45004581
212405;11;5;5100316;2021;6;13;6;3;0;1;0;0;0;0;1;0;0;0;784959,0969;5829454,942;13,20263193;52,54046233
212404;11;1;1400937;2021;6;22;5;3;5;2;2;1;0;0;1;0;0;0;793672,1624;5832252,013;13,33321436;52,56091056
212403;11;2;2400521;2021;6;22;1;3;6;4;2;0;0;1;1;0;0;0;801135,4575;5828569,214;13,43964399;52,52382523
212402;11;4;4200310;2021;5;11;4;3;5;3;0;0;1;0;0;0;0;0;789992,273;5826317,665;13,27390367;52,50968098
212401;11;1;1100103;2021;7;14;5;3;3;6;0;0;1;0;1;0;0;1;795302,2237;5826181,818;13,35179809;52,50561475
212400;11;4;4200309;2021;7;16;3;3;5;3;0;1;1;0;0;0;0;0;788854,0725;5827199,004;13,25794438;52,51818638
212399;11;1;1300835;2021;7;11;5;3;0;7;0;1;0;0;0;0;0;0;797834,9266;5829817,682;13,39225893;52,53682907
212398;11;11;11300620;2021;6;11;5;3;5;2;0;0;1;0;0;0;0;0;804214,7853;5829078,362;13,48535792;52,52667922
212397;11;7;7100101;2021;5;21;1;3;5;3;1;0;1;0;0;0;1;0;794590,44;5825443,031;13,34068785;52,49937678
212396;11;3;3500934;2021;6;8;6;2;0;7;0;0;1;0;0;1;0;0;801018,3748;5831559,367;13,44063203;52,55069104
212395;11;3;3500934;2021;6;12;5;3;5;3;0;1;1;0;0;0;0;1;800692,6709;5831572,278;13,43585459;52,55098665
212394;11;1;1100310;2021;6;15;3;3;5;3;0;1;0;0;0;0;0;0;798998,6666;5828614,374;13,40828354;52,52540599
212393;11;4;4501043;2021;6;17;2;3;5;3;0;1;1;0;0;0;0;0;793107,4003;5825211,409;13,31869955;52,49809894
212392;11;5;5300840;2021;5;16;5;3;8;1;0;0;0;0;1;0;0;1;789314,6283;5828977,662;13,26626049;52,53388831
212391;11;7;7601544;2021;6;9;4;2;5;3;0;0;1;0;0;0;0;0;799789,4776;5813976,931;13,40676053;52,39376795
212390;11;4;4300619;2021;5;21;1;3;0;2;1;0;1;0;0;0;1;0;792751,258;5827034,88;13,31507179;52,51463695
212389;11;8;8100418;2021;6;13;2;3;5;3;0;1;0;0;0;0;1;0;802497,2086;5823290,326;13,45485983;52,4757569
212388;11;4;4501150;2021;7;17;2;3;5;2;0;1;1;0;0;0;0;0;793436,0827;5823923,258;13,32239296;52,48637455
212387;11;2;2300316;2021;6;16;5;3;6;4;0;0;1;1;0;0;0;0;800900,9093;5826104,86;13,43396909;52,50186615
212386;11;2;2300314;2021;7;18;6;3;1;5;0;1;1;0;0;0;0;0;799873,2745;5825880,214;13,41867295;52,50041824
212385;11;11;11300620;2021;7;4;5;3;5;2;2;1;1;0;0;0;0;0;804135,9342;5829849,914;13,48490503;52,53363832
212384;11;3;3400721;2021;6;8;5;3;2;6;0;0;1;0;1;0;0;0;797773,972;5832951,971;13,39417371;52,56495715
212383;11;5;5300840;2021;6;13;4;3;6;7;0;0;0;1;0;0;1;0;789158,4676;5829394,627;13,26432747;52,53770938
212382;11;4;4100101;2021;6;16;2;3;4;1;0;1;0;0;0;0;0;0;793198,9618;5829705,797;13,32400556;52,53834004
212381;11;6;6200316;2021;5;14;2;2;5;3;0;0;1;0;1;0;0;0;796050,1948;5817534,813;13,35511447;52,42769578
212380;11;2;2100104;2021;6;18;6;3;5;3;0;1;1;0;0;0;0;0;799326,9758;5826235,744;13,41096869;52,50390498
212379;11;9;9301126;2021;6;15;5;3;2;3;0;1;1;0;0;0;0;0;809932,4094;5817931,083;13,55901301;52,4235606
212378;11;8;8100104;2021;6;13;3;3;6;4;0;0;1;1;0;0;0;0;800873,322;5822466,695;13,43027993;52,46927137
212377;11;3;3601245;2021;6;19;6;3;2;6;0;0;1;0;0;0;0;0;800356,6136;5831559,894;13,43090195;52,55106105
212376;11;3;3601450;2021;5;15;6;2;5;2;0;0;1;0;1;0;0;1;802188,2419;5829415,232;13,45588316;52,53082561
212375;11;4;4501040;2021;6;13;4;3;2;6;0;1;0;0;0;0;0;0;792720,8803;5825940,936;13,31366332;52,5048464
212374;11;6;6100210;2021;7;15;1;3;6;7;0;1;0;1;0;0;0;0;795020,517;5820946,016;13,34302627;52,45883156
212373;11;7;7100101;2021;5;12;3;3;5;3;0;1;1;0;0;0;0;1;794698,4775;5824904,944;13,34179871;52,49449483
212372;11;5;5200528;2021;6;16;3;3;2;6;0;0;1;0;0;0;0;0;783647,7675;5825205,886;13,17972448;52,50304865
212371;11;1;1100206;2021;7;9;3;3;2;6;0;1;1;0;0;0;0;0;798320,187;5827226,743;13,39706805;52,51333938
212370;11;9;9200511;2021;7;1;7;3;9;1;2;0;1;0;0;0;0;1;807152,8879;5822219,691;13,52220791;52,46356352
212369;11;7;7300516;2021;6;12;2;3;2;7;0;1;0;0;0;0;1;0;793966,557;5821803,939;13,32831462;52,46709044
212368;11;4;4501040;2021;6;19;6;3;0;6;0;1;0;0;0;0;0;0;792712,6776;5825681,392;13,31331464;52,50252407
212367;11;3;3200204;2021;6;11;3;3;2;6;0;0;1;0;1;0;0;0;798473,8302;5837329,093;13,40841052;52,60380811
212366;11;5;5400943;2021;6;19;3;3;5;3;0;1;1;0;0;0;0;0;780002,4018;5821527,362;13,1230692;52,4719467
212365;11;5;5200420;2021;6;0;7;2;0;1;2;0;0;0;0;0;1;0;782845,5755;5828574,969;13,17080238;52,53367348
212364;11;8;8100103;2021;6;13;6;2;5;3;0;0;1;0;1;0;0;0;800690,1141;5822916,687;13,42799659;52,47340569
212363;11;1;1100309;2021;7;22;6;3;2;6;2;0;1;0;1;0;0;0;798595,668;5829067,891;13,40276829;52,52969199
212362;11;7;7200409;2021;6;16;6;3;3;6;0;0;1;0;0;0;1;0;795480,3311;5824423,565;13,35285481;52,48975693
212361;11;9;9100408;2021;6;13;2;3;5;3;0;0;1;0;0;0;0;0;806721,7863;5820288,971;13,51410882;52,44650191
212360;11;6;6300526;2021;5;9;4;3;5;2;0;1;1;0;0;0;0;0;789572,6365;5817322,703;13,25993034;52,42926107
212359;11;5;5100105;2021;6;14;4;3;2;6;0;0;1;0;0;0;0;1;783901,0427;5831186,706;13,18855351;52,55654181
212358;11;6;6300528;2021;7;18;3;3;5;3;0;1;1;0;0;0;0;0;789377,9989;5817000,59;13,25679687;52,42647616
212357;11;1;1100415;2021;7;10;4;3;2;6;0;0;1;0;0;0;1;1;797672,17;5829236,95;13,38934626;52,53171246
212356;11;4;4300622;2021;6;11;4;3;5;3;0;1;1;0;0;0;0;0;793684,3036;5826066,528;13,3279276;52,50545454
212355;11;3;3100101;2021;5;14;7;3;9;1;0;0;1;0;0;0;0;0;803425,7865;5843454,481;13,48693177;52,65596567
212354;11;8;8100209;2021;6;16;5;3;5;2;0;1;1;0;0;0;0;0;801754,7935;5822047,803;13,44283824;52,4650306
212353;11;11;11501238;2021;6;17;4;3;5;3;0;1;1;0;0;0;0;0;804077,5736;5825982,505;13,48051288;52,49900866
212352;11;4;4300619;2021;6;16;3;2;5;2;0;1;0;0;0;0;1;0;792646,5259;5827106,32;13,31359565;52,5153336
212351;11;8;8100415;2021;6;21;7;3;5;3;1;1;1;0;0;0;0;0;801831,0936;5823631,422;13,44539081;52,47918271
212350;11;4;4400832;2021;6;10;3;3;5;2;0;1;1;0;0;0;0;0;791296,6325;5822046,667;13,28933521;52,47069661
212349;11;12;12200309;2021;6;15;4;3;5;7;0;0;1;0;0;0;0;0;792565,4813;5832826,723;13,31744224;52,56665834
212348;11;4;4501045;2021;6;17;2;2;5;2;0;1;1;0;0;0;0;0;793926,2663;5824959,58;13,33050527;52,49540102
212347;11;5;5300737;2021;6;20;2;3;5;7;0;0;1;0;1;0;0;0;787413,171;5830102,212;13,2392779;52,54497654
212346;11;8;8401243;2021;7;23;1;3;9;1;2;0;1;0;0;0;0;0;805564,561;5818548,468;13,4955435;52,43155043
212345;11;1;1200625;2021;6;21;7;3;5;2;2;0;1;0;1;0;0;0;794704,0414;5828852,221;13,34537593;52,52987652
212344;11;6;6300524;2021;7;9;5;3;5;3;0;0;1;0;0;1;0;1;789237,9976;5817139,682;13,25486388;52,42779722
212343;11;3;3601243;2021;7;23;4;3;2;6;2;1;1;0;0;0;0;0;799706,3281;5831440,175;13,42123187;52,55034615
212342;11;5;5200526;2021;6;13;5;3;6;4;0;0;0;1;0;1;0;0;781903,9054;5827177,299;13,15577132;52,52162918
212341;11;1;1300834;2021;5;14;1;3;6;7;0;0;0;1;0;0;1;0;798036,9104;5830081,636;13,39546486;52,53908465
212340;11;9;9100305;2021;6;10;6;3;1;5;0;1;1;0;0;0;0;0;804956,7061;5822610,36;13,49033878;52,46829501
212339;11;3;3601142;2021;6;14;4;3;0;1;0;1;0;0;0;0;0;0;798788,61;5830924,716;13,40727365;52,54622999
212338;11;2;2100106;2021;6;10;3;3;5;3;0;1;1;0;0;0;0;0;798596,7674;5825585,35;13,39965947;52,49847516
212337;11;1;1100205;2021;6;7;2;3;5;2;0;1;1;0;0;0;0;0;796964,1171;5826974,227;13,37691854;52,51181584
212336;11;2;2200210;2021;5;13;5;3;3;6;0;1;1;0;0;0;0;1;798193,5676;5825453,277;13,39361929;52,49751175
212335;11;4;4501045;2021;6;18;4;3;5;2;0;1;0;0;0;0;1;0;793490,6361;5825214,135;13,32433116;52,49791742
212334;11;2;2500830;2021;5;12;2;3;1;5;0;1;1;0;0;0;0;0;802280,815;5827494,671;13,45549826;52,51356038
212333;11;2;2300314;2021;6;21;2;3;5;3;1;1;1;0;0;0;0;0;800287,116;5826088,922;13,42493942;52,50206141
212332;11;5;5100316;2021;7;12;2;3;5;3;0;0;1;0;0;0;0;1;784962,2004;5829251,328;13,20250293;52,53863513
212331;11;6;6300632;2021;7;8;6;3;2;6;0;0;1;0;0;0;0;0;792268,0533;5816691,557;13,29891075;52,42216955
212330;11;4;4200311;2021;7;11;6;3;3;6;0;0;1;0;0;0;1;1;790035,5888;5826136,548;13,27438231;52,50803422
212329;11;5;5200631;2021;6;12;6;3;2;6;0;0;1;0;0;0;0;0;784768,6925;5827090,913;13,19780692;52,51936601
212328;11;10;10100315;2021;6;6;5;3;3;2;0;0;1;0;0;0;0;0;809915,0579;5831589,587;13,57145678;52,5459734
212327;11;1;1100207;2021;6;14;2;3;5;3;0;1;1;0;0;0;0;0;798313,3897;5827342,992;13,39707239;52,51438512
212326;11;2;2400624;2021;5;18;2;3;0;7;0;1;0;0;0;0;0;0;801916,1881;5827102,679;13,44978583;52,51024888
212325;11;5;5100316;2021;6;12;6;3;0;2;0;0;1;0;0;0;1;0;784846,4177;5829227,947;13,20078036;52,53848602
212324;11;12;12400721;2021;6;9;5;3;5;3;0;0;1;0;0;0;0;1;790591,8842;5839722,659;13,29445879;52,62953622
212323;11;7;7200412;2021;7;8;6;2;5;2;0;1;0;0;0;0;1;1;796260,1125;5822939,836;13,36298742;52,47603396
212322;11;5;5100211;2021;6;9;4;2;6;4;0;0;1;1;0;0;1;0;783434,3484;5829183,758;13,17997851;52,53882613
212321;11;4;4501042;2021;6;2;1;2;0;1;2;0;1;0;0;0;0;0;794310,5902;5825933,744;13,3370109;52,50392673
212320;11;8;8300934;2021;5;7;6;3;0;1;0;0;0;0;1;0;0;1;802539,3994;5818924,643;13,45152352;52,43660352
212319;11;7;7400825;2021;6;7;5;3;2;2;0;0;1;0;0;0;1;0;797817,6479;5820911,679;13,38404219;52,4570067
212318;11;9;9501737;2021;7;15;2;3;0;1;0;1;0;0;0;0;0;0;814203,9348;5821492,842;13,62497315;52,45304182
212317;11;12;12200413;2021;5;22;2;2;0;7;2;0;0;0;0;0;1;0;789642,5637;5833971,42;13,27543926;52,57848364
212316;11;3;3400721;2021;6;8;3;3;1;5;0;1;0;0;0;1;0;0;798374,8778;5832752,919;13,40283368;52,56284395
212315;11;1;1100308;2021;7;13;2;3;5;2;0;1;1;0;0;0;0;0;797041,2176;5829321,45;13,38014759;52,5328141
212314;11;4;4501147;2021;7;16;3;2;0;4;0;0;0;1;1;0;0;0;792864,0018;5824318,429;13,31433931;52,49022433
212313;11;12;12200411;2021;5;18;6;3;3;2;0;1;1;0;0;0;0;0;793197,2529;5832314,297;13,32628371;52,56172483
212312;11;8;8100419;2021;6;15;4;3;2;6;0;0;1;0;1;0;0;0;802627,3007;5824372,997;13,45775205;52,48538883
212311;11;11;11400931;2021;7;22;7;3;2;3;2;0;1;0;0;0;0;1;806598,0298;5827332,626;13,51876948;52,50969862
212310;11;1;1100207;2021;6;21;2;3;0;4;1;0;0;1;1;0;0;0;797876,2576;5826733,908;13,39010457;52,50916434
212309;11;7;7400822;2021;6;7;6;3;5;3;0;1;1;0;0;0;0;0;796508,1003;5822474,7;13,3662145;52,47172985
212308;11;7;7100102;2021;6;15;3;3;3;5;0;1;1;0;0;0;0;0;794977,5562;5825248,565;13,34620182;52,49742441
212307;11;9;9200715;2021;6;16;3;3;2;6;0;0;1;0;0;0;0;0;808421,9694;5819101,113;13,53794971;52,43489989
212306;11;1;1300834;2021;6;16;2;2;2;6;0;0;1;0;0;0;0;0;797524,716;5830992,355;13,38875078;52,54752799
212305;11;3;3500934;2021;6;11;7;2;5;3;0;1;1;0;0;0;0;0;801107,9263;5831517,277;13,44191061;52,55026429
212304;11;3;3701554;2021;7;12;6;3;5;3;0;0;1;0;0;0;0;0;799230,1211;5829270,098;13,41227513;52,53115658
212303;11;3;3200207;2021;6;16;7;3;5;3;0;1;1;0;0;0;0;0;798603,0009;5835174,639;13,40836979;52,58442591
212302;11;7;7400721;2021;6;11;2;3;2;6;0;1;1;0;0;0;0;0;797487,4648;5822868,231;13,38094135;52,47472498
212301;11;2;2500727;2021;5;18;2;3;5;3;0;1;1;0;0;0;0;0;802448,4569;5828284,765;13,45867934;52,52054901
212300;11;6;6400838;2021;6;19;6;3;0;7;0;1;0;0;0;0;0;0;786428,3207;5818353,313;13,21469364;52,44015683
212299;11;12;12100205;2021;6;7;6;2;5;3;0;0;0;0;1;0;1;0;795483,4612;5834273,412;13,36165749;52,57805057
212298;11;3;3200204;2021;7;16;6;3;5;2;0;1;1;0;0;0;0;0;796559,7595;5840104,359;13,38271856;52,62973226
212297;11;2;2400521;2021;6;6;4;3;5;5;0;1;1;0;0;0;0;0;801190,518;5828476,236;13,44036889;52,52296144
212296;11;1;1100310;2021;6;1;6;3;2;6;2;0;1;0;0;0;0;0;799525,1211;5828817,777;13,4162035;52,52694021
212295;11;12;12200412;2021;6;12;2;3;5;2;0;0;1;0;0;0;0;0;791167,6855;5834028,571;13,29793323;52,57818207
212294;11;12;12601134;2021;5;13;6;3;0;2;0;0;1;0;1;0;0;1;795309,0453;5837238,658;13,36173457;52,60472573
212293;11;10;10100206;2021;6;15;4;3;5;3;0;0;1;0;0;0;0;0;808837,5746;5832766,809;13,55671283;52,55713512
212292;11;4;4501042;2021;7;22;1;3;6;7;0;0;0;1;0;0;1;0;794415,6534;5825874,292;13,33850174;52,5033371
212291;11;3;3601243;2021;5;17;3;3;2;6;0;0;1;0;0;0;1;1;799571,5269;5831734,177;13,419515;52,55305555
212290;11;9;9100101;2021;6;22;3;3;4;1;2;1;1;0;0;0;0;0;802316,3716;5825319,932;13,4540461;52,49404849
212289;11;11;11300722;2021;7;15;2;3;1;7;0;0;1;0;0;0;0;0;804079,2107;5828208,197;13,4825701;52,51895588
212288;11;8;8100209;2021;7;11;3;2;6;4;0;0;1;1;0;0;0;0;801111,3423;5822001,024;13,43335311;52,46496628
212287;11;4;4300623;2021;7;14;6;3;0;1;0;1;1;0;0;0;0;1;792293,0553;5826110,669;13,3075271;52,50659738
212286;11;9;9100101;2021;6;9;3;3;5;2;0;1;1;0;0;0;0;0;802113,3509;5824768,475;13,4505648;52,48921815
212285;11;11;11501340;2021;6;5;6;3;2;6;0;0;1;0;0;0;0;0;807271,3888;5824551,955;13,52609513;52,48439908
212284;11;2;2400624;2021;6;9;3;3;6;4;0;0;1;1;0;0;0;0;801761,7585;5827427,929;13,44781213;52,51324957
212283;11;6;6400844;2021;6;4;3;3;1;7;2;0;1;0;0;0;1;0;790406,1302;5820927,123;13,27528799;52,46113381
212282;11;3;3200204;2021;6;16;2;3;1;5;0;0;1;0;1;0;0;0;797407,7166;5838811,461;13,39404707;52,61767968
212281;11;12;12100204;2021;6;18;7;3;6;4;0;0;1;1;0;0;0;0;795608,536;5833075,371;13,36242995;52,56724339
212280;11;4;4400729;2021;7;11;6;3;2;6;0;0;1;0;0;0;0;0;790555,123;5822291,228;13,27866264;52,47328404
212279;11;4;4400726;2021;6;11;7;3;5;3;0;1;1;0;0;0;0;0;791212,4926;5823798,185;13,2896297;52,48644387
212278;11;4;4200308;2021;6;6;2;3;5;2;0;1;1;0;0;0;0;0;790376,8995;5827323,641;13,28043299;52,51849503
212277;11;4;4200308;2021;5;18;4;3;5;3;0;0;1;0;1;0;0;0;789576,0314;5827170,964;13,26853018;52,51755211
212276;11;1;1401049;2021;6;16;4;3;3;6;0;0;1;0;1;0;0;1;796361,664;5831941,086;13,37249599;52,5566663
212275;11;11;11100309;2021;7;16;3;3;5;2;0;1;1;0;0;0;0;0;805281,9657;5833240,752;13,50486522;52,5633875
212274;11;12;12200413;2021;7;9;4;3;5;3;0;1;1;0;0;0;0;1;789393,4282;5833721,935;13,27155508;52,57637954
212273;11;8;8100102;2021;6;8;4;3;5;2;0;1;1;0;0;0;0;0;800180,1503;5823632,335;13,42115526;52,48010084
212272;11;7;7100102;2021;5;14;1;3;5;3;0;1;1;0;0;0;0;0;795483,3069;5825553,177;13,35390045;52,49988143
212271;11;1;1401045;2021;6;12;5;3;3;6;0;0;1;0;0;1;0;0;796619,0313;5831752,024;13,37611219;52,55483146
212270;11;3;3601245;2021;6;6;4;3;5;7;0;0;1;0;0;0;0;0;800310,0311;5830867,263;13,42959067;52,54487853
212269;11;1;1200627;2021;6;17;3;3;0;5;0;1;0;0;0;0;1;0;796055,8183;5828509,629;13,36493994;52,52607303
212268;11;9;9300921;2021;6;21;7;3;5;2;1;0;1;0;0;0;0;0;809992,8644;5816041,389;13,55814914;52,4065912
212267;11;8;8100206;2021;6;16;3;3;3;2;0;1;1;0;0;0;0;0;800721,1222;5823800,503;13,42924872;52,48131058
212266;11;9;9501838;2021;6;12;4;3;0;1;0;1;0;0;0;0;0;0;818431,9593;5820300,144;13,68584698;52,43990873
212265;11;12;12400618;2021;6;18;2;3;5;2;0;1;1;0;0;0;0;0;786734,2147;5838513,872;13,23657117;52,62074922
212264;11;6;6400842;2021;7;12;7;3;5;2;0;1;1;0;0;0;0;0;789836,963;5820292,259;13,26638292;52,45574423
212263;11;4;4300517;2021;6;16;1;3;5;3;0;0;1;0;1;0;0;0;791397,3684;5828595,015;13,29654382;52,52934842
212262;11;3;3200204;2021;7;5;5;3;6;4;0;0;1;1;0;0;0;1;799040,3109;5839071,536;13,41832518;52,61911485
212261;11;4;4501045;2021;7;16;5;3;1;5;0;1;1;0;0;0;0;1;793503,084;5825302,669;13,32459202;52,49870439
212260;11;6;6400844;2021;6;7;5;3;5;2;0;1;1;0;0;0;0;0;791443,5246;5820645,517;13,29026798;52,45805691
212259;11;6;6100207;2021;5;5;2;2;1;5;0;0;1;0;1;0;0;0;793665,971;5819948,011;13,32226993;52,45061434
212258;11;11;11501341;2021;6;17;5;2;4;1;0;1;0;0;0;0;0;0;806280,4537;5824474,039;13,51147634;52,4842575
212257;11;8;8200832;2021;6;18;6;2;6;2;0;0;1;1;0;0;0;0;801708,754;5817221,211;13,43780462;52,42179396
212256;11;9;9200715;2021;6;8;3;3;2;6;0;0;1;0;0;0;0;0;808205,5554;5818755,755;13,534458;52,43192673
212255;11;9;9100202;2021;6;8;2;2;4;6;0;0;1;0;0;0;0;0;802843,0808;5824248,473;13,46080694;52,48415309
212254;11;4;4500937;2021;6;13;1;3;1;5;0;1;1;0;0;0;0;0;790958,8769;5825016,348;13,28696903;52,49749997
212253;11;12;12500825;2021;5;13;5;2;0;1;0;0;0;0;1;0;0;0;791529,6373;5834371,707;13,30356142;52,58106439
212252;11;2;2200213;2021;6;16;4;3;5;2;0;0;1;0;1;0;0;0;799774,9582;5824824,895;13,41627926;52,49101294
212251;11;1;1100310;2021;5;1;2;3;5;2;2;0;1;0;0;0;0;0;799479,819;5828830,293;13,41554899;52,52707728
212250;11;2;2300314;2021;6;11;2;3;0;2;0;1;0;0;0;0;1;0;800117,1204;5825741,586;13,42212951;52,49904162
212249;11;10;10200420;2021;7;15;2;3;0;4;0;0;0;1;0;0;1;0;811166,222;5830726,584;13,58903982;52,53752669
212248;11;4;4100101;2021;7;10;6;3;2;2;0;0;1;0;0;0;0;0;792255,9971;5830676,702;13,31099605;52,54755042
212247;11;8;8401242;2021;7;21;6;3;5;3;2;0;1;0;0;0;0;1;804455,0851;5816944,098;13,47781468;52,41778931
212246;11;6;6100206;2021;6;13;5;2;1;5;0;1;0;0;0;1;0;0;794510,7467;5820008,568;13,33471842;52,45070275
212245;11;7;7200412;2021;6;12;5;3;1;5;0;0;1;0;1;0;0;0;796055,9945;5823142,976;13,36017119;52,47796563
212244;11;10;10100312;2021;6;12;2;3;5;7;0;0;1;0;0;0;1;0;808209,3024;5829234,385;13,54419789;52,52583409
212243;11;6;6400737;2021;5;17;2;3;6;4;0;1;0;1;0;0;0;0;784580,8243;5817356,412;13,18673873;52,43218291
212242;11;6;6100103;2021;6;21;6;3;5;7;0;0;1;0;0;0;0;0;793044,0591;5821523,201;13,31452727;52,46506928
212241;11;2;2300314;2021;6;19;7;3;5;2;0;1;1;0;0;0;0;0;799712,2461;5826050,649;13,41646123;52,5020344
212240;11;2;2300316;2021;7;16;6;2;6;4;0;1;0;1;0;0;0;0;801453,7519;5826033,55;13,44202446;52,50092186
212239;11;2;2100104;2021;6;0;4;2;1;5;2;1;1;0;0;0;0;0;799410,7928;5826165,811;13,41213698;52,50323215
212238;11;1;1401048;2021;6;7;6;3;2;6;0;0;0;0;1;1;0;1;795508,1232;5831665,656;13,35969741;52,55466114
212237;11;8;8200730;2021;6;8;2;2;2;6;0;0;1;0;0;0;0;0;801399,9076;5819140,866;13,43500679;52,43917071
212236;11;2;2100104;2021;5;13;5;3;5;3;0;1;1;0;0;0;0;0;799282,4992;5826219,381;13,41030067;52,50378271
212235;11;4;4500938;2021;6;13;5;3;1;5;0;1;1;0;0;0;0;0;791573,0027;5824591,015;13,29561763;52,49335913
212234;11;2;2400625;2021;7;1;2;3;5;2;2;1;1;0;0;0;0;1;801760,8887;5826242,508;13,44672477;52,50262501
212233;11;7;7400927;2021;5;15;3;3;5;3;0;0;1;0;0;0;1;0;799885,9078;5820995,538;13,41446565;52,4566275
212232;11;5;5200528;2021;6;18;3;3;2;6;0;0;1;0;0;0;1;0;783658,7084;5825352,085;13,18000979;52,50435382
212231;11;5;5300736;2021;7;13;2;2;5;7;0;0;0;1;1;0;0;0;786881,045;5829683,372;13,23109072;52,54150186
212230;11;1;1200520;2021;7;11;3;3;2;6;0;1;0;0;0;0;1;0;794480,0483;5828451,035;13,34172815;52,52640121
212229;11;9;9100407;2021;5;6;6;3;2;7;0;0;1;0;0;0;1;1;806383,8814;5821044,966;13,50984594;52,45346689
212228;11;6;6300526;2021;6;9;5;3;0;1;0;0;1;0;0;0;0;0;789291,8107;5817674,215;13,25611558;52,43256112
212227;11;9;9100407;2021;6;7;4;3;2;6;0;0;1;0;0;0;0;0;806251,0509;5820429,148;13,50733268;52,4480221
212226;11;11;11300722;2021;7;6;7;2;5;3;0;0;1;0;0;0;0;1;803855,7003;5828357,322;13,47942239;52,52041702
212225;11;8;8100312;2021;6;10;3;3;5;3;0;1;0;0;0;0;1;1;801461,662;5823876,596;13,44018922;52,4815843
212224;11;1;1100206;2021;6;6;6;3;0;1;0;0;0;0;0;0;1;0;797839,0619;5827061,296;13,3898511;52,51211928
212223;11;8;8100417;2021;6;12;3;3;2;2;0;0;1;0;0;0;0;0;802577,6813;5823081,893;13,45585197;52,47384414