OBJECTID;LAND;BEZ;LOR_ab_2021;UJAHR;UMONAT;USTUNDE;UWOCHENTAG;UKATEGORIE;UART;UTYP1;ULICHTVERH;IstRad;IstPKW;IstFuss;IstKrad;IstGkfz;IstSonstige;USTRZUSTAND;LINREFX;LINREFY;XGCSWGS84;YGCSWGS84,,,,
211594;11;12;12500929;2021;4;13;3;3;5;2;0;0;1;0;1;0;0;0;793479,0954;5838662,114;13,33605319;52,61847695
211593;11;5;5300735;2021;3;15;1;3;5;2;0;0;1;0;0;0;0;0;786565,7245;5830552,436;13,22720379;52,54945951
211592;11;3;3200308;2021;4;7;5;2;6;4;1;0;1;1;0;0;0;0;798850,1502;5837921,388;13,4144856;52,60891033
211591;11;10;10100209;2021;3;11;5;3;2;6;0;0;1;0;0;0;0;0;809978,5062;5832083,168;13,57285013;52,55036053
211590;11;12;12100206;2021;5;9;4;3;5;3;0;0;1;0;0;0;0;0;794442,4669;5833796,913;13,34591626;52,5743434
211589;11;3;3701555;2021;5;11;3;3;0;6;0;1;1;0;0;0;0;1;799355,0143;5830145,186;13,414899;52,53893181
211588;11;5;5400943;2021;4;7;5;3;0;3;0;0;1;0;1;0;0;1;780783,8618;5820419,579;13,13361158;52,46161224
211587;11;8;8200726;2021;5;14;1;3;2;7;0;0;1;0;0;0;0;0;802574,796;5819932,361;13,45295499;52,44561625
211586;11;2;2100102;2021;4;11;2;3;5;3;0;0;1;0;0;0;0;1;798181,1114;5826513,326;13,39438557;52,50702055
211585;11;10;10300731;2021;5;9;6;3;0;3;0;1;1;0;0;0;0;0;809637,4912;5829700,862;13,56561682;52,52920528
211584;11;8;8300934;2021;4;15;3;3;2;6;0;0;1;0;0;0;0;0;803492,5939;5818202,486;13,46484703;52,42960278
211583;11;9;9100304;2021;3;13;3;3;5;2;0;0;1;0;0;0;1;0;804658,1715;5822148,069;13,48553559;52,46431819
211582;11;5;5300736;2021;4;4;3;2;9;1;2;0;1;0;0;0;0;0;785966,1705;5829222,343;13,21724059;52,53784931
211581;11;2;2200212;2021;5;17;6;3;3;6;0;0;1;0;1;0;0;0;799300,5541;5824562,138;13,40907684;52,48891801
211580;11;11;11501341;2021;4;13;4;2;0;7;0;0;1;0;0;0;0;0;807244,5907;5824185,306;13,52536383;52,48112819
211579;11;2;2200209;2021;3;18;3;3;5;2;0;1;1;0;0;0;0;0;796816,5557;5823974,873;13,37207762;52,48500996
211578;11;6;6300629;2021;4;13;6;2;2;6;0;0;1;0;1;0;0;0;792126,816;5819547,881;13,29933565;52,44785187
211577;11;1;1300732;2021;3;11;7;3;2;6;0;0;1;0;0;0;0;1;797318,9467;5832315,888;13,38691049;52,55950415
211576;11;1;1100310;2021;5;10;2;3;2;6;0;0;1;0;0;0;0;0;799177,9284;5827592,492;13,40999887;52,51614799
211575;11;2;2200210;2021;5;17;5;3;5;2;0;1;1;0;0;0;0;1;798288,3621;5825472,037;13,39502834;52,4976281
211574;11;12;12200412;2021;5;19;4;3;5;7;0;0;1;0;0;1;1;0;791185,4824;5834208,991;13,29835361;52,57978996
211573;11;1;1100207;2021;4;18;6;3;5;3;0;0;1;0;0;0;0;0;798021,5577;5826590,019;13,39211035;52,50779519
211572;11;6;6400844;2021;5;14;7;3;5;3;0;0;1;0;0;0;0;0;791185,246;5820067,926;13,28597377;52,45301643
211571;11;4;4300623;2021;4;13;4;2;5;5;0;0;1;0;1;0;0;0;792728,9021;5826173,711;13,31398584;52,50692885
211570;11;7;7601544;2021;3;12;4;3;1;5;0;0;1;0;0;0;1;0;799988,4794;5813243,746;13,40902018;52,38708693
211569;11;2;2400625;2021;4;13;5;3;5;3;0;1;1;0;0;0;0;0;801467,1492;5827266,505;13,44333771;52,51196561
211568;11;3;3601142;2021;5;9;7;3;5;2;0;1;1;0;0;0;0;0;799135,8157;5830601,412;13,41208744;52,54314154
211567;11;11;11300620;2021;5;18;7;3;5;3;0;0;1;0;0;0;0;1;804220,9808;5829078,515;13,4854491;52,52667713
211566;11;4;4200310;2021;4;12;2;3;6;4;0;0;0;1;0;1;0;0;789112,878;5826963,65;13,26154339;52,51593923
211565;11;5;5200630;2021;5;17;3;2;6;2;0;0;1;1;0;0;0;0;784696,3146;5827631,427;13,19720578;52,52425006
211564;11;1;1200522;2021;5;23;6;3;0;2;2;1;1;0;0;0;0;0;794316,1346;5828380,212;13,3392563;52,52585483
211563;11;11;11501340;2021;5;17;4;3;0;3;0;0;1;0;0;0;1;0;807719,199;5825393,705;13,53344612;52,49169072
211562;11;1;1300835;2021;4;20;4;3;0;1;2;0;0;0;1;0;0;0;797684,5792;5829635,104;13,38988524;52,53527464
211561;11;12;12200411;2021;4;18;1;3;2;6;0;0;1;0;0;0;0;1;792919,822;5832171,963;13,32207709;52,5605982
211560;11;1;1100206;2021;3;14;4;3;0;1;0;1;0;0;0;0;0;0;798228,9018;5827933,277;13,39636016;52,51972246
211559;11;2;2300419;2021;5;11;3;3;1;5;0;1;0;0;0;1;0;0;801400,3962;5825811,048;13,44103945;52,49895701
211558;11;5;5200526;2021;3;11;1;2;6;4;0;0;1;1;0;0;0;0;782179,2692;5827218,948;13,15985439;52,52186019
211557;11;8;8100208;2021;4;12;5;3;3;6;0;0;1;0;1;0;0;0;801645,2681;5822562,106;13,44169584;52,46970088
211556;11;3;3100101;2021;3;8;5;3;5;2;0;0;1;0;0;0;1;0;803011,2345;5842058,66;13,47954076;52,64368729
211555;11;4;4501043;2021;5;8;3;3;3;6;0;0;1;0;1;0;0;0;792642,458;5825123,139;13,31179254;52,49755715
211554;11;12;12500824;2021;4;10;2;3;5;2;0;1;0;0;0;0;1;0;790679,4598;5835379,04;13,29193313;52,59054982
211553;11;1;1100101;2021;5;8;2;3;5;2;0;0;0;0;0;0;1;0;794595,0926;5826092,445;13,34133073;52,50519585
211552;11;4;4400726;2021;4;19;4;2;5;2;0;1;1;0;0;0;0;0;790852,4825;5823807,721;13,2843511;52,48672128
211551;11;3;3400721;2021;5;13;7;3;6;7;0;1;0;1;0;0;0;0;798026,5255;5833258,957;13,39816443;52,56757065
211550;11;3;3601347;2021;5;13;5;3;5;3;0;0;1;0;0;0;0;0;799480,6922;5830651,651;13,41720305;52,54340241
211549;11;12;12400722;2021;4;11;3;3;6;7;0;1;0;1;0;0;0;0;791617,3638;5838233,947;13,30825408;52,61564096
211548;11;4;4200311;2021;4;14;6;3;5;2;0;0;1;0;0;0;0;0;790395,3001;5825654,182;13,27924671;52,5035184
211547;11;6;6400839;2021;4;13;4;3;5;3;0;0;1;0;0;0;0;0;789184,0622;5818568,049;13,25530839;52,44063175
211546;11;4;4200308;2021;5;13;4;3;2;6;0;0;1;0;1;0;0;0;790411,2711;5827311,184;13,28092725;52,51836505
211545;11;2;2500728;2021;4;13;3;3;6;4;0;0;1;1;0;0;0;0;802937,0536;5827843,192;13,46545637;52,51632005
211544;11;1;1200625;2021;3;15;3;3;2;7;0;0;1;0;0;0;1;0;795105,99;5828774,852;13,35121537;52,52896551
211543;11;2;2200211;2021;4;16;5;3;5;3;0;1;0;0;0;0;0;0;798574,3371;5824514,73;13,39837056;52,48889072
211542;11;12;12601235;2021;3;17;7;3;6;4;0;0;1;1;0;0;0;0;795113,8456;5836341,201;13,35806053;52,59678691
211541;11;11;11501238;2021;5;16;4;3;2;6;0;0;1;0;0;0;0;0;805608,4651;5824292,463;13,50144479;52,48300665
211540;11;3;3500934;2021;5;15;3;3;6;2;0;0;1;1;0;0;0;0;801068,4322;5831436,692;13,44125684;52,54956383
211539;11;2;2200212;2021;4;6;6;3;6;4;0;1;0;1;0;0;0;0;799222,6299;5824586,469;13,40795446;52,48917882
211538;11;6;6400843;2021;4;7;3;2;5;3;0;1;1;0;0;0;0;0;791203,6634;5819702,451;13,28592537;52,4497301
211537;11;8;8401242;2021;5;7;7;3;5;3;0;0;1;0;0;0;0;1;804454,6008;5816943,35;13,4778069;52,41778287
211536;11;1;1400942;2021;4;10;4;3;5;7;0;1;1;0;0;0;0;0;794480,7581;5830671,779;13,34370646;52,54630824
211535;11;1;1100309;2021;3;18;2;3;0;7;0;1;0;0;0;0;0;0;798630,389;5828380,884;13,40266161;52,52351492
211534;11;12;12100205;2021;4;10;5;3;5;3;0;0;1;0;0;0;0;1;794503,8382;5834749,328;13,34766538;52,58284782
211533;11;9;9502043;2021;5;13;7;2;5;2;0;1;1;0;0;0;0;0;810991,5924;5821981,77;13,5783087;52,45926031
211532;11;7;7601546;2021;5;14;6;3;5;3;0;0;1;0;0;0;1;0;798379,7769;5813628,995;13,38579489;52,39141872
211531;11;4;4400727;2021;4;17;1;3;1;5;0;1;1;0;0;0;0;1;790926,5257;5823503,475;13,28517291;52,48395424
211530;11;1;1401047;2021;4;11;6;3;5;2;0;0;1;0;0;0;0;0;795517,809;5830743,695;13,35901932;52,54639136
211529;11;7;7400721;2021;5;9;5;3;0;6;0;0;1;0;1;0;0;1;797863,5499;5823990,039;13,38746426;52,48457575
211528;11;11;11200515;2021;4;17;3;3;5;3;0;0;1;0;1;0;0;0;805714,2907;5830899,184;13,50906725;52,54215922
211527;11;3;3100101;2021;3;11;3;3;0;5;0;0;1;0;0;0;0;0;804137,6749;5841825,171;13,4959227;52,64096485
211526;11;7;7501029;2021;4;9;6;3;5;3;0;0;1;0;0;0;1;0;797595,0218;5818740,112;13,37884093;52,43766205
211525;11;5;5100207;2021;3;17;6;3;6;7;0;0;0;1;0;0;1;0;780270,7235;5830306,458;13,13440275;52,55052948
211524;11;1;1100312;2021;5;18;4;3;5;3;0;1;1;0;0;0;0;1;799458,893;5827068,327;13,41365536;52,51129546
211523;11;9;9301126;2021;5;17;3;3;5;3;0;1;1;0;0;0;0;0;811426,7366;5817361,517;13,58038795;52,41760805
211522;11;4;4500937;2021;4;11;6;3;0;4;0;0;0;1;0;0;1;0;791520,6029;5825077,297;13,29527357;52,49774661
211521;11;10;10100209;2021;4;14;3;2;6;4;0;0;1;1;0;0;0;0;810010,9178;5832299,846;13,57352891;52,55228384
211520;11;12;12200412;2021;5;17;6;3;2;6;0;0;1;0;1;0;0;0;790416,0556;5833695,86;13,28658075;52,57560101
211519;11;6;6100209;2021;4;13;3;3;5;7;0;0;1;0;1;0;0;0;794765,8742;5821102,842;13,3394278;52,46037484
211518;11;5;5200528;2021;3;16;2;3;2;2;0;0;1;0;0;0;0;0;783903,2932;5826601,837;13,18466963;52,51543212
211517;11;7;7100101;2021;4;12;5;3;5;2;0;1;1;0;0;0;0;0;794607,4089;5825435,795;13,3409307;52,49930274
211516;11;11;11400929;2021;5;18;6;3;1;5;0;1;1;0;0;0;0;0;805462,5928;5826923,351;13,50171561;52,50666748
211515;11;4;4300415;2021;3;17;4;3;5;2;0;1;0;0;0;0;1;0;790999,1924;5825628,764;13,28809637;52,50296879
211514;11;1;1300836;2021;4;18;6;3;0;5;0;0;1;0;0;0;1;0;796621,8629;5830480,456;13,37501802;52,54343172
211513;11;2;2500831;2021;3;16;7;3;6;4;0;0;1;1;0;0;0;0;803270,2817;5827427,296;13,46997306;52,51240728
211512;11;7;7400822;2021;5;19;2;3;5;3;0;1;1;0;0;0;0;0;796818,993;5822182,167;13,37051781;52,46893873
211511;11;1;1100308;2021;5;19;5;3;5;7;0;0;1;0;0;0;0;0;797255,5153;5828242,189;13,38233268;52,52302296
211510;11;7;7601544;2021;5;21;4;3;1;5;1;1;1;0;0;0;0;0;799487,6618;5812930,399;13,40140321;52,38455211
211509;11;5;5200630;2021;4;15;6;3;2;6;0;0;1;0;0;0;0;0;784154,9099;5827303,931;13,18896737;52,52159615
211508;11;11;11400929;2021;5;22;7;3;5;7;2;1;1;0;0;0;0;0;805034,9195;5826695,665;13,49522531;52,50486612
211507;11;11;11501339;2021;4;13;4;3;5;2;0;1;1;0;0;0;0;0;807328,6992;5825284,537;13,52761195;52,49093233
211506;11;3;3601141;2021;3;23;4;3;5;3;2;1;1;0;0;0;0;0;799220,3551;5831806,003;13,41441569;52,55389239
211505;11;6;6100205;2021;4;12;7;3;1;5;0;0;1;0;0;0;1;0;796249,962;5819646,549;13,35991552;52,4465178
211504;11;7;7400823;2021;5;17;1;3;5;2;0;1;1;0;0;0;0;0;796908,831;5822294,284;13,37193623;52,46989494
211503;11;3;3701556;2021;5;22;7;3;5;3;2;0;1;0;0;0;1;0;799868,8187;5829785,737;13,42212774;52,53542746
211502;11;8;8401244;2021;4;8;3;3;2;2;0;0;1;0;0;0;0;0;806235,3316;5816373,616;13,50338843;52,41168321
211501;11;9;9200510;2021;5;6;3;3;0;1;1;0;0;0;1;0;0;0;806333,3358;5823098,645;13,51098923;52,47190108
211500;11;1;1200518;2021;5;10;6;3;5;7;0;0;1;0;1;0;0;1;793579,0669;5828635,296;13,3286483;52,52853893
211499;11;1;1100310;2021;4;8;4;3;5;2;0;1;0;0;0;1;0;0;799110,6574;5828465,987;13,4097959;52,52401449
211498;11;5;5400943;2021;5;10;5;3;3;6;0;1;0;0;0;0;0;0;780585,46;5819429,818;13,12986717;52,45283908
211497;11;6;6300631;2021;4;8;2;3;6;4;0;0;1;1;0;0;0;0;792990,9096;5817715,58;13,31040751;52,43096323
211496;11;2;2500835;2021;4;12;5;3;2;6;0;1;1;0;0;0;0;0;802458,316;5826320,162;13,4570388;52,5029349
211495;11;8;8100102;2021;5;19;4;3;1;5;0;1;1;0;0;0;0;1;800570,1577;5823270,455;13,42655463;52,47664266
211494;11;1;1100311;2021;4;18;3;3;3;6;0;0;1;0;0;0;0;0;799722,7333;5827561,074;13,41797529;52,51556726
211493;11;2;2100103;2021;3;14;2;3;3;6;0;1;1;0;0;0;0;0;798526,2775;5826212,853;13,39918668;52,50413846
211492;11;8;8100313;2021;4;15;5;3;1;7;0;0;1;0;0;0;0;0;801670,8118;5824343,339;13,44368207;52,4856523
211491;11;5;5200629;2021;3;12;5;2;6;4;0;1;0;1;0;0;0;0;784620,2291;5828426,815;13,19676825;52,53142126
211490;11;1;1401045;2021;5;15;2;3;0;4;0;0;0;1;1;0;0;0;796841,6116;5831548,441;13,37920353;52,5528853
211489;11;8;8300934;2021;4;10;2;3;5;3;0;0;1;0;0;0;0;1;803273,6698;5818322,877;13,4617461;52,43080325
211488;11;7;7200414;2021;5;19;2;3;1;5;0;1;0;0;0;0;1;1;796125,9411;5824025,544;13,36198201;52,48583918
211487;11;1;1100415;2021;4;20;4;3;4;6;1;1;0;0;0;0;1;0;798473,5618;5829097,869;13,40100053;52,53002757
211486;11;2;2400521;2021;5;16;7;3;5;3;0;0;1;0;0;0;0;0;800860,0563;5828310,416;13,43536287;52,5216576
211485;11;4;4200308;2021;4;19;1;3;5;2;0;0;1;0;0;0;0;0;790547,9223;5827351,088;13,28297035;52,51865001
211484;11;4;4500937;2021;5;11;6;3;0;1;0;1;0;0;0;0;0;0;790985,3724;5824852,235;13,28721486;52,49601456
211483;11;7;7100103;2021;4;15;2;3;1;5;0;0;1;0;1;0;0;0;795791,1437;5824965,479;13,35790024;52,49444643
211482;11;6;6400844;2021;4;14;6;3;2;6;0;0;1;0;0;0;0;0;790379,1468;5820874,209;13,27484591;52,46067377
211481;11;1;1200517;2021;4;7;3;2;5;3;0;0;1;0;1;0;0;1;793551,608;5829800,218;13,32927356;52,53899663
211480;11;7;7601340;2021;5;11;4;3;2;6;1;0;1;0;0;0;0;0;796138,696;5815932,827;13,35499443;52,41328717
211479;11;6;6200313;2021;4;9;4;3;2;6;0;0;1;0;0;0;0;0;795252,1737;5818641,4;13,34438887;52,43804696
211478;11;10;10300731;2021;3;14;3;3;2;6;0;0;1;0;0;0;1;0;809589,4779;5828368,047;13,5636707;52,51728837
211477;11;1;1200520;2021;4;19;1;3;3;6;1;1;1;0;0;0;0;0;794574,2627;5828482,152;13,34314045;52,52662925
211476;11;9;9200613;2021;3;9;6;3;5;2;0;1;1;0;0;0;0;1;805925,8098;5821837,094;13,50385174;52,46082287
211475;11;10;10200629;2021;5;15;4;3;3;6;0;0;0;0;1;0;1;0;810978,6162;5828216,636;13,58393548;52,51514124
211474;11;4;4200311;2021;5;14;3;3;5;7;0;0;1;0;0;0;0;0;790310,1709;5825634,744;13,27797911;52,50338944
211473;11;11;11300721;2021;4;19;5;3;0;1;0;0;0;0;1;0;0;1;805149,4635;5829977,867;13,49991838;52,53421862
211472;11;12;12200309;2021;5;18;6;3;5;2;0;0;1;0;0;0;1;0;793486,551;5832426,841;13,33063875;52,56257787
211471;11;1;1100205;2021;4;19;3;3;0;2;0;0;1;0;0;0;1;0;796966,2942;5826758,178;13,37675775;52,50987801
211470;11;6;6200421;2021;3;12;3;3;5;7;0;0;1;0;1;0;0;0;793687,7875;5817634,49;13,32055697;52,4298626
211469;11;9;9200819;2021;4;14;6;3;5;3;0;1;1;0;0;0;0;0;810207,3646;5819629,33;13,56461894;52,4386241
211468;11;1;1300733;2021;5;17;6;3;5;3;0;0;1;0;0;0;0;0;797000,3397;5831505,962;13,38149975;52,552418
211467;11;12;12400618;2021;5;7;6;2;5;3;0;1;1;0;0;0;0;0;786981,4012;5838305,69;13,24003187;52,61875228
211466;11;9;9200512;2021;3;8;4;3;1;5;0;1;1;0;0;0;0;0;807736,0032;5821516,781;13,53011603;52,45693587
211465;11;1;1401044;2021;4;16;2;3;0;7;0;1;0;0;0;0;0;0;796120,2609;5831444,694;13,36850282;52,55234797
211464;11;2;2400521;2021;5;15;2;3;1;5;0;1;1;0;0;0;0;0;801175,1019;5828058,537;13,43976416;52,51922605
211463;11;11;11300826;2021;5;14;5;3;5;3;0;1;0;0;0;0;1;0;803818,0769;5827212,528;13,47782433;52,51017754
211462;11;2;2500834;2021;5;8;4;3;2;6;0;1;1;0;0;0;0;0;802279,1196;5826858,534;13,45489562;52,50785963
211461;11;1;1300733;2021;4;8;6;3;0;7;0;0;1;0;0;0;0;0;797271,481;5831290,411;13,38529405;52,55033794
211460;11;11;11300725;2021;4;5;6;3;6;7;2;0;1;1;0;0;0;0;805416,3945;5827628,105;13,5016837;52,51300965
211459;11;4;4400832;2021;4;8;4;3;2;7;0;0;1;0;1;0;0;0;791658,9018;5822621,658;13,29515612;52,47565809
211458;11;2;2400623;2021;3;17;4;3;5;2;0;1;1;0;0;0;0;0;800722,0798;5826936,406;13,43209359;52,50941811
211457;11;3;3701660;2021;5;14;7;2;5;3;0;1;0;0;0;0;0;0;800973,9125;5829235,02;13,43787274;52,52988216
211456;11;1;1100308;2021;4;5;1;2;6;2;2;0;0;1;0;0;1;1;797376,3035;5828941,196;13,38473287;52,52922287
211455;11;2;2100105;2021;5;6;1;3;9;1;0;0;1;0;0;0;0;0;799877,2905;5825747,578;13,41861251;52,49922716
211454;11;11;11200514;2021;5;18;7;2;6;4;0;0;1;1;0;0;0;1;804925,3148;5830518,864;13,4971204;52,53919271
211453;11;10;10200526;2021;5;7;3;2;2;6;0;0;1;0;0;0;0;0;812599,8203;5830287,127;13,60969484;52,53276834
211452;11;12;12500930;2021;5;15;7;3;0;7;0;1;0;1;0;0;0;0;793004,2339;5835171,376;13,32596918;52,5874409
211451;11;4;4300619;2021;4;18;6;2;3;2;0;1;0;0;0;0;0;0;792979,324;5827563,946;13,31888895;52,51925737
211450;11;6;6300634;2021;4;7;3;3;5;3;0;1;1;0;0;0;0;0;792512,5495;5817836,097;13,303497;52,43229965
211449;11;8;8401243;2021;5;20;5;2;0;1;2;1;0;0;0;0;0;1;805584,5721;5818629,337;13,49591083;52,43226405
211448;11;7;7400823;2021;5;6;6;3;5;2;0;0;1;0;1;0;0;0;797237,7548;5820695,437;13,37534039;52,45538398
211447;11;9;9100101;2021;3;17;3;3;0;6;0;1;1;0;0;0;0;0;802346,1844;5825322,502;13,45448623;52,49405501
211446;11;8;8100520;2021;4;21;7;3;6;4;2;0;1;1;0;0;0;0;803189,3013;5822700,756;13,4644828;52,4700889
211445;11;1;1100101;2021;3;11;1;3;9;1;0;0;0;0;1;0;0;0;794597,9653;5826125,987;13,34140261;52,50549498
211444;11;2;2500726;2021;5;11;2;3;6;2;0;0;1;1;0;0;0;0;801948,319;5829058,675;13,45203319;52,52776273
211443;11;3;3300516;2021;5;15;6;3;5;2;0;1;0;0;0;0;1;1;801110,7337;5834128,188;13,44432109;52,57366447
211442;11;1;1100416;2021;5;21;4;3;1;5;2;1;1;0;0;0;0;0;798743,8879;5829593,799;13,4054194;52,53432479
211441;11;12;12400721;2021;4;16;5;3;6;7;0;0;0;1;0;0;1;0;791061,9014;5841502,092;13,3029514;52,64523651
211440;11;6;6400843;2021;5;15;1;3;5;2;0;1;1;0;0;0;0;1;792356,741;5820774,74;13,30378325;52,45872763
211439;11;8;8200832;2021;4;11;3;3;5;3;0;0;1;0;0;0;0;0;801612,2886;5816705,006;13,43592505;52,4172202
211438;11;4;4300623;2021;4;11;5;2;5;2;0;0;1;0;1;0;0;0;792739,5839;5826466,409;13,31440019;52,50954706
211437;11;8;8100415;2021;3;15;4;3;0;3;0;1;1;0;0;0;0;0;801533,6589;5823622,683;13,44101657;52,47926868
211436;11;1;1300733;2021;4;19;1;3;5;2;1;1;1;0;0;0;0;0;797134,204;5831802,409;13,38373363;52,55500228
211435;11;10;10400835;2021;5;15;2;2;0;1;0;1;0;0;0;0;0;0;811916,1572;5829746,257;13,59914122;52,52831314
211434;11;12;12100205;2021;5;13;7;2;0;1;0;0;0;0;0;0;1;0;793444,7778;5832584,982;13,33016413;52,56401803
211433;11;5;5200420;2021;4;18;2;3;6;2;0;0;1;1;0;0;0;0;782466,0479;5828513,022;13,16516935;52,53331486
211432;11;12;12200310;2021;5;12;2;3;5;2;0;0;1;0;1;0;0;0;792156,4744;5833950,041;13,31241468;52,57694811
211431;11;2;2100106;2021;5;14;7;3;5;3;0;1;1;0;0;0;0;0;799788,4662;5825717,573;13,41728093;52,49900702
211430;11;2;2100104;2021;4;13;4;3;5;3;0;1;1;0;0;0;0;0;799115,0493;5826268,597;13,40788524;52,50431568
211429;11;3;3400830;2021;5;10;5;3;6;3;0;0;1;1;0;0;0;0;800034,51;5833421,877;13,42784899;52,56792799
211428;11;2;2300418;2021;4;10;2;3;0;7;0;1;0;0;0;0;0;0;800921,4637;5825537,853;13,43375869;52,49677259
211427;11;9;9401635;2021;3;14;4;3;1;5;0;1;1;0;0;0;0;0;817055,2396;5817048,885;13,66257957;52,41157561
211426;11;7;7400927;2021;4;15;4;3;0;7;0;1;1;0;0;0;0;0;798325,5303;5821000,733;13,39157424;52,45752799
211425;11;7;7601546;2021;5;11;4;3;6;6;0;1;0;1;0;0;0;0;799088,2147;5813142,658;13,39574086;52,38667295
211424;11;8;8300934;2021;4;15;3;3;6;4;0;0;1;1;0;0;0;0;803660,0665;5818238,347;13,46733525;52,42983128
211423;11;5;5200631;2021;3;17;2;3;6;2;0;0;1;1;0;0;0;0;784715,3487;5827637,357;13,19749065;52,5242933
211422;11;5;5100210;2021;4;8;6;2;5;2;0;1;1;0;0;0;0;0;784171,9729;5830042,133;13,19155943;52,54613821
211421;11;2;2300316;2021;3;17;6;3;2;6;1;0;1;0;0;0;0;0;801161,7506;5825929,466;13,43764162;52,50015016
211420;11;12;12200309;2021;5;8;2;3;5;3;0;0;1;0;0;1;0;0;793347,1851;5832401,286;13,32856608;52,56242388
211419;11;5;5200423;2021;5;17;2;3;0;6;0;0;1;0;0;0;1;0;781787,6305;5828444,833;13,1551364;52,53305464
211418;11;2;2100103;2021;4;15;4;3;5;2;0;1;1;0;0;0;0;0;798669,055;5826451,223;13,40149779;52,50619698
211417;11;4;4501042;2021;5;0;7;3;0;7;2;0;1;0;0;0;1;0;793671,0156;5825881,713;13,32756937;52,50380491
211416;11;11;11401136;2021;4;3;2;3;5;3;2;0;1;0;0;0;0;0;805250,7797;5826117,9;13,49786613;52,4995672
211415;11;9;9200715;2021;5;13;6;2;5;2;0;0;1;0;0;0;0;0;807217,9609;5818289,597;13,51954899;52,42830437
211414;11;5;5200629;2021;4;12;3;2;0;6;0;0;1;0;0;0;1;0;784712,4205;5828610,174;13,19828072;52,53301711
211413;11;1;1300836;2021;4;12;7;3;1;5;0;1;1;0;0;0;0;0;796869,5664;5831353,7;13,37944051;52,55112444
211412;11;1;1100310;2021;4;16;3;3;2;2;0;0;1;0;1;0;0;0;799480,7397;5828849,001;13,41557938;52,52724447
211411;11;8;8100417;2021;5;18;5;3;0;2;0;1;1;0;0;0;0;1;802364,1718;5823232,499;13,4528546;52,47531226
211410;11;12;12500926;2021;4;9;5;3;2;6;0;0;1;0;0;0;0;0;792952,9973;5835420,62;13,32543546;52,58970283
211409;11;11;11300620;2021;3;8;2;3;5;2;0;1;1;0;0;0;0;0;803849,363;5829049,735;13,47996186;52,52662642
211408;11;5;5100315;2021;4;14;1;2;5;2;0;0;1;0;0;0;0;0;784662,1437;5829703,45;13,19847814;52,54284567
211407;11;9;9100306;2021;3;22;6;3;3;6;2;0;1;0;0;0;0;0;804709,9976;5820341,895;13,48464785;52,44810111
211406;11;8;8200730;2021;5;16;3;3;2;6;0;0;1;0;0;0;0;0;801479,276;5817962,747;13,43510855;52,42856708
211405;11;3;3400619;2021;5;13;3;3;0;2;0;1;1;0;0;0;0;0;795821,949;5835221,284;13,36748421;52,58636334
211404;11;7;7601442;2021;4;14;5;3;5;2;0;1;1;0;0;0;0;0;799252,336;5816261,186;13,4009311;52,41453729
211403;11;9;9401329;2021;5;8;6;3;5;3;0;0;1;0;0;0;0;0;811702,1776;5818435,274;13,58542532;52,42707376
211402;11;1;1100308;2021;4;14;4;3;5;2;0;1;1;0;0;0;0;0;797001,8501;5828943,906;13,37923161;52,52945131
211401;11;1;1100415;2021;3;11;3;3;2;6;0;0;1;0;0;0;0;0;798191,298;5829353,873;13,39708151;52,53247678
211400;11;2;2300316;2021;4;12;6;3;1;5;0;1;1;0;0;0;0;0;800586,7697;5826621,389;13,42982139;52,50666909
211399;11;4;4300415;2021;5;15;2;3;5;7;0;1;0;0;0;0;1;0;791212,4261;5826054,427;13,29160128;52,50667107
211398;11;2;2100105;2021;3;16;3;2;1;5;0;1;0;0;0;0;1;0;799180,6807;5825881,837;13,40850181;52,50081295
211397;11;2;2500727;2021;4;11;2;3;0;1;0;1;0;0;0;0;0;0;802208,5503;5827742,753;13,45466192;52,51582398
211396;11;4;4501045;2021;5;8;2;2;1;7;0;0;1;0;0;0;0;0;793798,329;5824930,616;13,32860063;52,49521025
211395;11;10;10100316;2021;5;6;5;2;5;2;0;1;1;0;0;0;0;0;810055,6315;5831663,247;13,57359192;52,54655353
211394;11;1;1200517;2021;5;21;4;3;5;3;2;0;1;0;0;0;1;0;793270,1988;5829027,283;13,32445414;52,53221916
211393;11;7;7400927;2021;4;18;4;3;1;5;0;1;1;0;0;0;0;0;798420,3233;5821278,677;13,39321366;52,45996768
211392;11;12;12601236;2021;4;17;6;3;3;6;0;0;1;0;1;0;0;0;794403,5117;5835700,093;13,34703374;52,59142494
211391;11;5;5100316;2021;4;15;5;3;1;7;0;1;1;0;0;0;0;0;785312,9783;5829418,773;13,20780469;52,53995287
211390;11;10;10300732;2021;5;14;2;3;5;3;0;1;1;0;0;0;0;0;810185,7962;5827959,032;13,5720494;52,51328414
211389;11;7;7400824;2021;5;19;4;3;0;7;0;0;0;0;1;0;0;1;797612,8063;5821388,426;13,3814614;52,46139182
211388;11;9;9501941;2021;4;6;4;2;6;4;0;0;0;1;0;0;1;0;812098,6099;5821374,185;13,59398115;52,45318451
211387;11;4;4501153;2021;3;1;4;2;6;4;2;0;0;1;0;0;1;0;793878,5514;5823120,498;13,3281828;52,47894018
211386;11;12;12500930;2021;5;11;2;3;2;6;0;0;1;0;0;0;0;0;793249,3534;5835172,273;13,32957774;52,58731686