OBJECTID;LAND;BEZ;LOR_ab_2021;UJAHR;UMONAT;USTUNDE;UWOCHENTAG;UKATEGORIE;UART;UTYP1;ULICHTVERH;IstRad;IstPKW;IstFuss;IstKrad;IstGkfz;IstSonstige;USTRZUSTAND;LINREFX;LINREFY;XGCSWGS84;YGCSWGS84,,,,
210758;11;5;5300839;2021;4;17;5;3;0;7;0;1;0;0;0;0;0;0;788897,9076;5830083,753;13,26109571;52,54402576
210757;11;6;6400843;2021;4;19;3;3;0;2;1;1;1;0;0;0;0;1;791677,0874;5820658,463;13,29370703;52,45804837
210756;11;4;4300416;2021;4;18;3;2;5;3;0;1;0;0;1;0;0;1;791997,7192;5825978,282;13,30307195;52,50556871
210755;11;4;4501042;2021;5;17;5;3;0;1;0;1;0;0;0;0;0;1;793903,6187;5826058,263;13,33114225;52,50526235
210754;11;8;8100105;2021;4;6;4;3;5;2;0;1;0;0;0;0;1;0;801173,8018;5821800,491;13,43408877;52,46313441
210753;11;1;1400942;2021;3;8;2;3;6;4;0;1;0;1;0;0;0;0;794609,3496;5830796,727;13,34570815;52,54735878
210752;11;2;2500726;2021;4;15;6;3;5;2;0;1;1;0;0;0;0;0;801962,1072;5828236,961;13,45148974;52,52039007
210751;11;4;4300623;2021;3;9;6;2;5;2;0;1;1;0;0;0;0;1;792736,2973;5826094,556;13,31402489;52,50621528
210750;11;12;12500930;2021;5;14;3;3;2;6;0;0;1;0;0;0;0;1;792909,6433;5835184,728;13,32458876;52,58761154
210749;11;5;5200629;2021;5;9;2;3;5;2;0;0;1;0;0;0;0;0;784300,0923;5828706,849;13,19230106;52,53409914
210748;11;12;12100103;2021;4;17;5;3;6;7;0;0;1;1;0;0;0;1;795647,1912;5833554,514;13,3634257;52,57151745
210747;11;4;4501044;2021;4;16;3;3;0;6;0;0;1;0;1;0;0;0;793183,0973;5824554,802;13,31923356;52,49217204
210746;11;7;7400826;2021;3;15;3;2;4;6;0;0;1;0;0;0;0;0;796761,2048;5819990,106;13,36772098;52,44932025
210745;11;6;6300524;2021;4;14;6;3;6;4;0;0;1;1;0;0;0;0;788513,2224;5816864,052;13,24399604;52,42570872
210744;11;9;9100306;2021;4;8;3;3;2;6;0;0;1;0;0;0;1;0;804218,5224;5821056,354;13,4780892;52,45477834
210743;11;10;10200417;2021;5;13;7;3;5;2;0;1;1;0;0;0;0;0;811298,162;5831620,77;13,59181667;52,54546437
210742;11;1;1100207;2021;5;12;7;3;1;5;0;1;1;0;0;0;0;1;798309,0806;5826736,331;13,39646531;52,50894955
210741;11;11;11200514;2021;3;16;3;3;2;7;0;0;1;0;0;0;0;0;805436,6294;5830302,949;13,50443764;52,53697127
210740;11;9;9501939;2021;4;14;2;3;5;3;0;1;1;0;0;0;0;0;810822,8129;5821366,1;13,57525949;52,45383895
210739;11;6;6100101;2021;5;15;2;3;5;3;0;1;0;0;0;0;1;0;793517,6294;5820653,656;13,32071357;52,4570199
210738;11;3;3400620;2021;5;18;5;3;5;2;0;1;0;0;0;0;0;0;797949,959;5833669,902;13,39740726;52,57129612
210737;11;11;11200513;2021;5;18;4;3;2;6;0;0;1;0;0;0;0;0;804350,5283;5830824,248;13,48895133;52,54225105
210736;11;6;6300632;2021;4;10;6;3;5;3;0;0;1;0;0;0;0;0;792504,638;5817473,217;13,30306353;52,42905069
210735;11;5;5100105;2021;3;11;4;2;2;6;0;0;1;0;0;0;0;0;784379,9378;5831073,071;13,19550099;52,55527308
210734;11;7;7601341;2021;5;18;3;3;0;2;0;1;1;0;0;0;0;0;797599,5324;5815556,719;13,3760752;52,40912347
210733;11;6;6100207;2021;4;8;4;3;2;6;0;0;1;0;0;0;1;0;793402,6135;5820065,231;13,31850868;52,45180659
210732;11;1;1100309;2021;3;14;4;3;8;7;0;0;0;0;0;0;1;0;798659,6103;5828550,589;13,40324343;52,52502007
210731;11;7;7200307;2021;5;20;2;3;5;3;2;0;1;0;0;0;0;1;794839,2389;5824674,058;13,34366175;52,49234907
210730;11;8;8100521;2021;4;11;2;3;5;3;0;0;1;0;0;0;0;0;803761,1029;5821792,987;13,4720485;52,46163508
210729;11;5;5400943;2021;5;17;2;3;2;7;2;0;1;0;1;0;0;1;780259,9578;5821084,826;13,12647929;52,46784643
210728;11;8;8200833;2021;5;12;3;2;5;3;0;1;1;0;0;0;0;0;802291,299;5816652,757;13,44583172;52,41637729
210727;11;2;2100106;2021;5;16;7;3;3;6;0;1;1;0;0;0;0;0;799196,2182;5825623,839;13,40849825;52,49849185
210726;11;9;9200716;2021;5;14;6;3;5;3;0;1;1;0;0;0;0;0;808916,4005;5819068,123;13,54516918;52,43432524
210725;11;8;8200831;2021;4;9;2;3;2;6;0;0;1;0;0;0;1;1;799899,7779;5816559,146;13,41068905;52,41685378
210724;11;4;4400830;2021;4;10;6;3;5;3;0;1;1;0;0;0;0;0;791309,672;5822998,915;13,29035837;52,47922657
210723;11;2;2200210;2021;4;15;3;3;5;2;0;1;1;0;0;0;0;0;798288,8761;5825321,198;13,39490081;52,49627574
210722;11;1;1200517;2021;5;6;4;3;5;2;0;1;1;0;0;0;0;1;793500,7226;5829379,96;13,32815425;52,53525665
210721;11;5;5300736;2021;4;15;3;3;2;6;0;0;1;0;0;0;0;0;786087,0864;5829144,833;13,21895179;52,53709091
210720;11;3;3601142;2021;3;10;3;3;1;5;0;1;0;0;0;0;1;0;799033,3107;5831080,022;13,41101131;52,54748781
210719;11;5;5300841;2021;4;15;5;3;2;6;0;0;1;0;0;0;0;0;789245,9695;5829300,595;13,26553216;52,53681993
210718;11;4;4500939;2021;3;16;6;3;2;7;0;0;1;0;0;0;0;0;791954,3249;5824170,025;13,30084942;52,48938118
210717;11;1;1100310;2021;5;14;4;3;5;2;0;1;0;0;0;1;0;0;799508,8506;5828834,917;13,41597982;52,52710278
210716;11;10;10100207;2021;5;15;4;3;6;4;0;0;1;1;0;0;0;0;810260,5632;5832047,698;13,57696351;52,54988209
210715;11;11;11100203;2021;4;18;5;3;5;3;1;1;0;0;0;0;0;0;806852,5446;5834050,803;13,52871208;52,56976435
210714;11;1;1300836;2021;5;17;1;3;2;6;0;0;1;0;0;0;0;0;796733,7103;5830469,411;13,37665262;52,54327181
210713;11;5;5200629;2021;4;12;3;3;2;6;0;0;1;0;0;0;0;0;784651,8568;5828611,369;13,1973913;52,53305946
210712;11;2;2200209;2021;5;7;6;3;6;2;0;0;1;1;0;0;0;0;796835,9202;5823980,338;13,37236682;52,48504842
210711;11;7;7300619;2021;4;18;2;3;1;5;1;1;1;0;0;0;0;0;795371,9868;5822246,74;13,34933534;52,47030186
210710;11;4;4501045;2021;3;10;2;3;2;6;0;0;1;0;0;0;0;0;793984,0062;5825106,578;13,33148306;52,49668768
210709;11;2;2300314;2021;4;18;3;3;0;1;0;1;0;0;0;0;0;1;799886,4533;5825915,856;13,41889861;52,50073048
210708;11;10;10100206;2021;4;10;3;3;5;3;0;0;1;0;0;0;0;0;808836,3845;5832767,342;13,55669583;52,55714057
210707;11;1;1200623;2021;5;18;6;3;5;7;0;0;1;0;0;0;0;1;795036,0619;5829174,788;13,35054249;52,53258847
210706;11;5;5100316;2021;4;10;5;3;2;6;0;0;1;0;0;0;0;0;784819,6563;5829067,201;13,20024906;52,53705877
210705;11;6;6200317;2021;3;17;3;3;1;5;0;0;1;0;0;0;0;0;796242,7693;5817008,897;13,35747272;52,42287708
210704;11;7;7501031;2021;4;11;7;3;5;2;0;0;0;0;1;0;1;0;798539,9938;5819659,86;13,39352267;52,44539154
210703;11;12;12400619;2021;3;14;7;3;2;6;0;1;1;0;0;0;0;1;787044,3865;5836939,116;13,23977394;52,60646714
210702;11;9;9501737;2021;5;10;2;3;4;6;0;1;0;0;0;0;0;0;816733,2985;5821240,477;13,66183191;52,44932094
210701;11;2;2400624;2021;5;18;5;3;6;7;0;0;0;1;0;0;1;0;801420,0642;5827677,026;13,44301783;52,51567118
210700;11;1;1100103;2021;5;10;4;2;5;3;0;0;1;0;1;0;0;0;795328,1595;5826172,31;13,35217067;52,50551548
210699;11;4;4200311;2021;4;15;7;3;2;6;0;0;1;0;0;0;0;0;789747,3709;5825169,712;13,26930615;52,49951948
210698;11;2;2300316;2021;5;15;1;3;5;3;0;1;1;0;0;0;0;1;800747,3528;5826523,524;13,43209185;52,50570341
210697;11;9;9501838;2021;4;16;3;2;4;6;0;0;1;0;1;0;0;0;818397,6752;5821163,517;13,68616692;52,44766468
210696;11;12;12601235;2021;3;15;3;3;2;2;0;0;1;0;0;1;0;0;795290,0625;5836367,028;13,36067763;52,59692277
210695;11;12;12601133;2021;4;11;7;3;5;3;0;0;1;0;0;0;0;0;795399,1409;5836785,656;13,36265685;52,6006161
210694;11;9;9401329;2021;5;11;7;3;5;3;0;1;1;0;0;0;0;0;811681,9439;5818517,256;13,58520509;52,42781996
210693;11;8;8300934;2021;4;12;2;3;1;5;0;0;1;0;0;0;0;0;803363,8612;5818275,501;13,46302565;52,43032862
210692;11;7;7100101;2021;5;21;2;3;1;7;2;1;1;0;0;0;0;0;794827,1935;5825123,939;13,34388299;52,49638847
210691;11;1;1401045;2021;5;18;6;3;2;6;0;0;1;0;0;0;0;1;796998,4725;5831896,803;13,38182196;52,55592244
210690;11;11;11300618;2021;5;16;5;3;2;6;0;0;1;0;0;0;0;0;802917,1286;5828723,423;13,46596519;52,5242205
210689;11;2;2500835;2021;4;6;2;3;5;3;0;1;0;0;0;0;1;1;802560,095;5825955,021;13,45820194;52,49960573
210688;11;10;10200629;2021;3;9;4;3;0;7;0;1;0;0;0;0;0;0;810813,5377;5828156,218;13,58145419;52,5146939
210687;11;1;1100207;2021;4;16;3;2;5;3;0;1;1;0;0;0;0;0;797894,2297;5826569,598;13,39022156;52,50768169
210686;11;1;1300835;2021;5;18;4;3;2;1;0;0;1;0;0;0;1;0;797680,7924;5830672,293;13,39075884;52,54457378
210685;11;1;1200517;2021;3;19;1;3;0;2;2;0;1;0;0;0;1;1;792601,7101;5828770,457;13,31440119;52,53027608
210684;11;1;1200627;2021;4;18;4;3;2;6;0;0;1;0;0;0;0;0;795969,007;5828703,631;13,36383675;52,52785921
210683;11;4;4500936;2021;3;14;5;3;0;3;0;0;1;0;1;0;0;0;792303,0669;5825374,439;13,30702786;52,49999188
210682;11;5;5100314;2021;5;17;3;3;3;6;0;0;1;0;0;0;1;0;785174,216;5829628,195;13,20594398;52,54190316
210681;11;2;2100103;2021;4;16;1;3;2;6;0;0;1;0;0;0;0;0;798688,7846;5826443,916;13,40178106;52,50612069
210680;11;1;1100313;2021;5;7;2;3;5;3;0;0;1;0;0;0;0;1;799981,7286;5826940,108;13,42122085;52,50985891
210679;11;9;9100304;2021;4;9;4;2;1;5;0;1;1;0;0;0;0;0;804865,5379;5822180,672;13,48860829;52,46449475
210678;11;6;6400842;2021;5;19;1;2;3;6;0;0;1;0;1;0;0;0;789613,6836;5820478,853;13,263268;52,45753548
210677;11;1;1300835;2021;5;18;6;3;5;3;0;1;1;0;0;0;0;0;796984,508;5830180,333;13,38008157;52,54054392
210676;11;1;1100207;2021;4;9;3;3;5;3;0;0;1;0;0;0;0;0;798856,3431;5826771,77;13,40453678;52,50896769
210675;11;1;1400938;2021;4;13;6;3;2;6;0;1;0;0;0;0;0;0;794594,0914;5829881,353;13,34467199;52,53916138
210674;11;9;9301126;2021;3;6;4;3;5;3;0;0;1;0;0;0;0;0;810838,3205;5818461,054;13,57278515;52,42779621
210673;11;11;11300620;2021;4;15;2;2;5;3;0;0;1;0;0;0;0;0;804212,2582;5829085,582;13,48532739;52,52674534
210672;11;2;2200209;2021;5;16;3;3;5;7;0;0;1;0;0;0;0;0;797761,5257;5824597,537;13,386509;52,49007693
210671;11;3;3300411;2021;5;19;6;3;0;1;0;0;1;0;0;0;0;1;803873,1378;5839557,324;13,48994006;52,62078769
210670;11;7;7300618;2021;5;23;3;3;1;5;2;0;1;0;0;0;1;0;794330,2207;5821982,17;13,33380974;52,46849241
210669;11;1;1200517;2021;5;10;5;3;5;7;0;0;1;0;0;0;0;0;793515,9364;5828169,441;13,32730915;52,52439677
210668;11;3;3601141;2021;4;5;6;2;5;2;1;1;1;0;0;0;0;0;799246,3127;5831804,245;13,41479583;52,55386237
210667;11;3;3200308;2021;3;10;4;2;6;2;0;0;1;1;0;0;0;0;799160,2107;5837581,822;13,41874392;52,60569615
210666;11;1;1100206;2021;5;11;3;3;5;3;0;1;1;0;0;0;0;0;797738,3024;5827592,283;13,38884585;52,51693394
210665;11;3;3701660;2021;3;18;2;3;1;5;1;1;1;0;0;0;0;0;800439,5716;5829074,332;13,42987427;52,52873663
210664;11;9;9401329;2021;4;3;4;3;7;7;2;0;0;0;1;0;0;0;814011,5416;5818615,385;13,61944784;52,42736737
210663;11;4;4100101;2021;3;16;5;2;8;1;0;0;0;0;1;0;0;0;793380,7838;5829953,568;13,32689748;52,54046333
210662;11;3;3601449;2021;5;21;2;3;1;5;2;0;1;0;0;0;0;0;801692,91;5830121,6;13,44924441;52,53743116
210661;11;4;4501045;2021;4;20;2;3;5;3;2;0;1;0;0;0;0;0;793478,8413;5824756,3;13,32375454;52,49381946
210660;11;6;6200314;2021;5;8;2;3;1;5;0;1;1;0;0;0;0;0;794715,2898;5818097,505;13,33603416;52,43346077
210659;11;12;12200412;2021;4;18;4;3;5;2;0;1;1;0;0;0;0;0;788665,8742;5833198,299;13,26039256;52,57207145
210658;11;2;2500726;2021;5;7;7;3;5;2;0;0;1;0;0;0;1;0;801868,1959;5828990,971;13,45079423;52,52720027
210657;11;1;1100206;2021;5;22;5;3;5;3;2;0;1;0;0;0;0;0;797738,4514;5827591,403;13,38884726;52,51692598
210656;11;4;4501153;2021;4;10;2;3;5;2;0;1;0;0;0;0;1;0;794093,671;5824092,924;13,33219909;52,4875417
210655;11;8;8200726;2021;4;20;5;3;4;6;2;0;1;0;0;0;0;0;801338,7904;5820019,382;13,43490263;52,44707883
210654;11;7;7100101;2021;4;15;3;3;5;2;0;0;1;0;0;1;0;0;794607,622;5825510,042;13,34099951;52,49996821
210653;11;1;1401049;2021;5;15;4;3;5;2;0;1;1;0;0;0;0;0;795882,7878;5831928,604;13,36544188;52,5568148
210652;11;1;1100205;2021;4;17;3;3;5;3;0;1;1;0;0;0;0;0;797159,0215;5826452,686;13,37931648;52,50703466
210651;11;9;9501941;2021;3;7;3;3;2;6;0;0;1;0;1;0;0;0;810887,8495;5821268,891;13,57612301;52,45293082
210650;11;7;7300619;2021;4;12;6;2;0;3;0;1;1;0;0;0;0;0;795875,2336;5822993,678;13,35738494;52,47672525
210649;11;12;12400722;2021;3;14;6;3;5;3;0;0;1;0;0;0;0;0;790879,5397;5839182,398;13,29822142;52,62453897
210648;11;9;9200511;2021;5;19;3;2;3;6;0;0;1;0;1;0;0;1;807289,7978;5822424,288;13,52440518;52,46532019
210647;11;5;5100101;2021;5;13;2;3;0;1;0;1;0;0;0;0;0;0;785333,6841;5833396,333;13,21152879;52,57560414
210646;11;7;7200307;2021;4;14;6;3;2;6;0;0;1;0;1;0;0;0;794964,9204;5824054,56;13,3449592;52,48672778
210645;11;10;10100209;2021;4;17;2;3;5;3;0;1;1;0;0;0;0;0;810010,9645;5832300,158;13,57352989;52,5522866
210644;11;5;5100317;2021;5;22;6;2;6;4;2;0;1;1;0;0;0;0;785502,3541;5828592,297;13,20987935;52,53244361
210643;11;4;4300619;2021;4;17;3;3;2;6;0;0;1;0;0;0;0;0;791702,3155;5827524,136;13,30008704;52,51958508
210642;11;3;3300411;2021;3;13;3;3;6;7;0;0;1;1;0;0;0;0;804184,3156;5838973,412;13,49398552;52,61538035
210641;11;5;5100210;2021;4;12;6;3;5;3;0;1;1;0;0;0;0;0;783977,2623;5830082,41;13,18873021;52,54660086
210640;11;12;12601235;2021;4;9;3;3;5;7;0;0;1;0;0;0;1;0;794743,7568;5835811,825;13,35214132;52,59224225
210639;11;2;2200209;2021;5;18;6;3;1;5;0;0;1;0;0;0;0;0;796928,6953;5823985,285;13,37373347;52,48504233
210638;11;9;9501737;2021;3;15;4;3;2;2;0;1;1;0;0;0;0;0;814210,1481;5821997,471;13,6255391;52,45756021
210637;11;3;3400829;2021;4;18;6;3;2;6;0;1;1;0;0;0;0;0;799671,6944;5832818,828;13,42196727;52,56272253
210636;11;6;6200313;2021;3;11;7;3;2;6;0;1;1;0;0;0;0;1;795169,1472;5818216,855;13,34279615;52,43428596
210635;11;3;3400828;2021;5;18;2;2;5;3;0;1;1;0;0;0;0;0;799731,8901;5832503,607;13,42256792;52,55986398
210634;11;4;4300623;2021;5;12;5;3;6;4;0;0;1;1;0;0;0;1;792144,5823;5826481,474;13,30567121;52,5100011
210633;11;7;7100205;2021;5;13;4;3;5;3;0;0;1;0;0;0;0;0;796166,5526;5825313,327;13,363723;52,49736101
210632;11;1;1100103;2021;4;22;6;3;5;2;2;0;1;0;0;0;1;0;795418,8692;5825827,07;13,35319692;52,50237156
210631;11;12;12100102;2021;5;12;1;3;5;3;0;0;1;0;0;0;0;0;796297,6875;5833228,963;13,37270511;52,56824553
210630;11;11;11200410;2021;4;17;4;3;5;3;0;1;1;0;0;0;0;0;804935,8343;5831927,764;13,49856845;52,55181397
210629;11;11;11401137;2021;3;14;4;3;0;2;0;1;1;0;0;0;0;0;807105,9107;5825754,011;13,52477365;52,4952652
210628;11;12;12200412;2021;4;15;1;2;5;3;0;1;1;0;0;0;0;0;789846,1393;5833340,272;13,27788339;52,572717
210627;11;1;1100102;2021;5;13;7;3;1;5;0;1;1;0;0;0;0;0;796167,8003;5826733,968;13,36500498;52,51009509
210626;11;8;8100208;2021;5;10;7;3;5;7;0;0;1;0;0;0;0;0;801532,7246;5822707,815;13,44017575;52,47106904
210625;11;11;11100204;2021;4;7;2;3;6;2;0;0;1;1;0;0;0;0;806911,1095;5832628,248;13,52825769;52,55698239
210624;11;4;4300624;2021;5;21;2;3;1;5;2;0;1;0;0;0;0;0;792784,8947;5826601,347;13,31518463;52,51073243
210623;11;5;5100317;2021;5;8;6;3;5;3;0;0;1;0;0;0;0;0;787090,7813;5828345,623;13,23301921;52,52939769
210622;11;1;1100206;2021;5;8;4;3;5;2;0;1;1;0;0;0;0;0;797205,2731;5827496,998;13,38092854;52,51637056
210621;11;1;1100415;2021;4;18;7;3;5;3;0;1;1;0;0;0;0;0;797694,4832;5829016,599;13,3894769;52,5297251
210620;11;1;1100312;2021;4;9;5;3;1;5;0;1;1;0;0;0;0;0;799667,707;5827114,459;13,41676463;52,51159429
210619;11;2;2400624;2021;5;19;4;3;2;6;1;1;1;0;0;0;0;1;801917,8482;5827099,652;13,44980747;52,51022083
210618;11;7;7400826;2021;4;14;3;3;2;6;0;0;1;0;0;0;0;0;796534,0894;5819872,936;13,36428482;52,44839315
210617;11;9;9100305;2021;3;14;2;3;6;4;0;0;1;1;0;0;0;0;804978,3575;5822612,401;13,49065839;52,46830121
210616;11;8;8301036;2021;4;13;5;2;2;6;0;0;1;0;0;0;1;0;803706,4172;5817990,796;13,46779009;52,42758677
210615;11;2;2400623;2021;3;9;5;2;6;4;0;0;0;1;1;0;0;0;800578,3564;5827052,834;13,43008739;52,51054089
210614;11;2;2100106;2021;5;9;3;3;0;4;0;1;0;1;0;0;0;1;799991,4029;5825443,1;13,42001426;52,49643529
210613;11;1;1400940;2021;4;3;1;2;1;5;2;0;1;0;0;0;0;0;795122,4718;5832317,478;13,35460527;52,56071328
210612;11;9;9200717;2021;5;11;2;3;6;7;0;0;1;1;0;0;0;0;809501,696;5819089,949;13,55377149;52,43419
210611;11;3;3300411;2021;4;7;4;3;5;3;0;1;1;0;0;0;0;0;804039,1861;5838951,363;13,4918283;52,61526396
210610;11;1;1300732;2021;5;11;1;3;0;6;0;0;1;0;1;0;0;0;797268,3287;5832174,751;13,38603959;52,55826667
210609;11;3;3501038;2021;4;10;1;3;4;6;0;1;1;0;0;0;0;0;803476,1819;5832683,07;13,47779706;52,55939869
210608;11;4;4300620;2021;5;11;6;3;1;1;0;1;1;0;0;0;0;0;794088,3629;5827146,693;13,33481801;52,51491997
210607;11;2;2500834;2021;4;11;2;3;5;2;0;1;1;0;0;0;0;0;802157,4383;5826942,178;13,45318413;52,50867673
210606;11;3;3601244;2021;4;18;6;3;6;7;0;1;0;1;0;0;0;1;800187,3399;5831655,755;13,42849958;52,5520136
210605;11;7;7300619;2021;4;12;4;2;5;7;0;0;1;0;0;0;0;0;796052,811;5822853,723;13,35986767;52,47537443
210604;11;8;8100102;2021;5;0;5;3;5;3;2;0;1;0;0;0;0;1;800380,7412;5823330,469;13,42382815;52,4772848
210603;11;6;6300525;2021;4;14;4;3;2;2;0;1;0;0;0;0;1;0;790094,426;5815241,695;13,26577912;52,41032762
210602;11;1;1200520;2021;3;15;3;3;2;2;0;1;1;0;0;0;0;0;794567,6066;5828658,639;13,34319898;52,52821492
210601;11;7;7601544;2021;4;19;7;3;4;6;0;0;1;0;0;0;0;0;798978,1575;5814307,475;13,39516757;52,39717431
210600;11;5;5100316;2021;3;7;7;3;5;7;0;0;1;0;0;0;1;0;784310,417;5828924,089;13,19263871;52,53604154
210599;11;7;7400823;2021;5;21;3;3;5;2;1;0;1;0;0;0;0;1;796917,1111;5822287,268;13,37205152;52,46982755
210598;11;4;4501043;2021;5;18;2;3;0;3;0;1;1;0;0;0;0;0;792646,445;5825180,872;13,31190183;52,49807258
210597;11;2;2500836;2021;4;17;6;3;2;6;0;0;1;0;0;0;0;0;803197,3467;5825808,267;13,46742723;52,49793672
210596;11;1;1200623;2021;5;17;6;3;3;6;0;1;1;0;0;0;0;1;795355,2858;5829461,35;13,35548958;52,53498437
210595;11;8;8100314;2021;4;10;4;3;1;5;0;0;1;0;0;0;0;0;801216,177;5823802,376;13,43651823;52,48105452
210594;11;1;1100416;2021;3;15;2;3;1;5;0;1;0;0;0;0;1;0;798816,6552;5829368,547;13,40628651;52,53226584
210593;11;8;8301036;2021;4;23;5;3;1;5;2;0;1;0;0;0;0;0;803633,8726;5817894,444;13,46663895;52,42676343
210592;11;1;1100207;2021;4;11;3;3;5;2;0;1;1;0;0;0;0;0;798028,9545;5826591,209;13,39222008;52,50780182
210591;11;2;2500835;2021;5;14;6;3;5;2;0;1;1;0;0;0;0;1;803250,8299;5826009,436;13,46839583;52,49971006
210590;11;9;9301025;2021;5;23;6;3;1;5;2;0;1;0;0;0;0;1;811803,1879;5814733,061;13,58345836;52,39383871
210589;11;8;8401241;2021;3;16;3;3;5;2;0;0;1;0;0;0;0;0;804046,9733;5818556,012;13,47329729;52,4324636
210588;11;5;5300737;2021;4;8;2;3;0;2;0;1;1;0;0;0;0;0;787936,3246;5830043,031;13,24691998;52,54416972
210587;11;4;4200310;2021;5;15;2;3;5;2;0;0;1;0;0;0;0;0;789222,1374;5826009,91;13,26232018;52,50733074
210586;11;3;3200308;2021;5;15;5;3;2;2;0;1;1;0;0;0;0;0;799808,1992;5836713,973;13,42749804;52,5975605
210585;11;1;1401044;2021;4;17;3;3;5;3;0;1;1;0;0;0;0;1;796203,5215;5830765,259;13,36912119;52,54621227
210584;11;4;4200311;2021;5;14;4;3;2;6;0;0;1;0;0;0;1;0;790111,7531;5825343,899;13,27481069;52,50088751
210583;11;10;10300731;2021;4;13;3;3;2;6;0;0;1;0;0;0;0;0;809651,8128;5830245,859;13,56633491;52,53408118
210582;11;3;3100102;2021;3;10;2;3;5;2;0;0;1;0;1;0;0;0;804573,0491;5841313,946;13,50186569;52,6361391
210581;11;12;12200309;2021;4;18;5;3;2;6;0;0;1;0;0;0;0;0;793300,9093;5832617,591;13,32807657;52,56438787
210580;11;6;6100205;2021;3;0;7;3;5;7;2;0;1;0;0;0;0;0;795462,9563;5819669,253;13,3483895;52,44714719
210579;11;2;2100101;2021;5;13;4;3;2;6;0;0;1;0;0;0;0;0;797863,8747;5825584,128;13,38889406;52,49886471
210578;11;5;5100317;2021;5;16;2;3;4;2;0;1;1;0;0;0;0;0;787662,468;5828015,617;13,24113786;52,52613763
210577;11;12;12601032;2021;4;13;6;3;5;3;0;0;1;0;0;0;0;0;792936,5673;5837545,425;13,32707357;52,60875928
210576;11;12;12100102;2021;4;21;2;3;2;6;2;1;1;0;0;0;0;0;795743,2834;5833133,185;13,36446375;52,56768846
210575;11;8;8401241;2021;5;16;6;3;6;4;0;0;1;1;0;0;0;0;803961,597;5819064,75;13,47250788;52,43707081
210574;11;4;4300623;2021;4;16;4;3;5;2;0;1;0;0;0;0;1;0;792737,0017;5826395,065;13,31429951;52,50890888
210573;11;2;2500831;2021;3;10;3;3;5;2;0;1;1;0;0;0;0;0;803045,7907;5826985,973;13,46627335;52,50857653
210572;11;12;12100101;2021;4;17;4;3;5;3;0;0;1;0;0;0;0;0;796391,6412;5832679,726;13,37359657;52,56327109
210571;11;12;12200309;2021;5;9;6;3;0;5;0;0;1;0;0;0;1;1;793235,9022;5832454,835;13,32697643;52,56296387
210570;11;9;9100101;2021;5;21;6;3;5;3;0;0;1;0;0;0;0;0;802083,3078;5825008,762;13,4503415;52,49138848
210569;11;2;2300315;2021;3;18;4;3;5;2;0;1;1;0;0;0;0;0;800366,2415;5825803,936;13,42584457;52,49946342
210568;11;11;11300826;2021;4;7;6;3;7;7;0;1;0;0;0;0;0;0;803817,764;5827191,561;13,47780059;52,5099898
210567;11;2;2200210;2021;3;9;7;3;5;3;0;0;1;0;0;0;1;1;798292,0991;5824815,637;13,39449549;52,49174226
210566;11;5;5100317;2021;5;18;2;3;0;1;0;1;0;0;0;0;0;0;787112,8967;5828132,338;13,23316013;52,52747381
210565;11;8;8100521;2021;5;15;6;3;2;6;0;0;1;0;0;0;1;1;802972,5344;5821814,863;13,4604971;52,46226891
210564;11;7;7400826;2021;5;1;4;3;1;7;2;0;1;0;0;0;0;0;796885,6199;5820214,751;13,36974601;52,45126644
210563;11;1;1100206;2021;4;20;6;3;5;3;1;1;1;0;0;0;0;0;797875,927;5827467,061;13,39075595;52,51573634
210562;11;5;5100209;2021;5;21;7;3;5;2;0;0;1;0;0;0;0;0;783702,8617;5830173,49;13,18477229;52,54756048
210561;11;5;5100316;2021;4;18;4;2;9;1;0;0;0;0;1;0;0;1;784934,7103;5829359,492;13,20219146;52,53961929
210560;11;3;3701660;2021;3;13;4;3;6;7;0;1;0;1;0;0;0;0;800435,652;5829516,187;13,43021598;52,53269925
210559;11;5;5300735;2021;4;17;6;3;6;4;0;0;1;1;0;0;0;0;786507,7523;5831466,784;13,22714029;52,55768772
210558;11;5;5100317;2021;4;10;2;2;2;6;0;0;1;0;0;0;0;0;787529,407;5828039,601;13,23920266;52,52642285
210557;11;11;11200410;2021;4;16;2;3;5;3;0;1;1;0;0;0;0;0;805037,0174;5832122,788;13,50023533;52,5535052
210556;11;1;1100309;2021;5;11;1;3;1;5;0;1;1;0;0;0;0;1;798993,1595;5828846,541;13,40841137;52,52749004
210555;11;6;6400838;2021;5;15;7;3;5;3;0;1;1;0;0;0;0;0;786423,2763;5818351,422;13,21461801;52,44014251
210554;11;4;4501148;2021;4;13;3;3;0;7;0;0;0;0;0;0;1;0;792810,4942;5823233,029;13,31259998;52,4805227
210553;11;7;7400927;2021;5;11;3;3;5;3;0;0;1;0;0;0;1;0;798627,8785;5820661,229;13,39570718;52,45431963
210552;11;6;6100103;2021;5;20;7;3;2;6;1;0;1;0;0;0;0;0;793026,298;5821527,579;13,31427042;52,46511806
210551;11;1;1200623;2021;5;1;5;3;5;2;2;0;1;0;1;0;0;0;795863,1895;5828935,953;13,36248821;52,5299992
210550;11;9;9301228;2021;4;12;1;2;9;1;0;0;1;0;0;0;0;1;816441,27;5810287,859;13,64720391;52,35134696