OBJECTID;LAND;BEZ;LOR_ab_2021;UJAHR;UMONAT;USTUNDE;UWOCHENTAG;UKATEGORIE;UART;UTYP1;ULICHTVERH;IstRad;IstPKW;IstFuss;IstKrad;IstGkfz;IstSonstige;USTRZUSTAND;LINREFX;LINREFY;XGCSWGS84;YGCSWGS84,,,,
209922;11;6;6400841;2021;3;14;5;3;5;3;0;1;1;0;0;0;0;0;790009,4873;5819156,125;13,2679283;52,44546693
209921;11;9;9300922;2021;3;9;6;2;4;5;0;0;1;0;0;0;0;1;807991,056;5815469,697;13,52828885;52,40259718
209920;11;3;3500934;2021;2;14;4;3;5;3;0;1;1;0;0;0;0;0;801095,7429;5831492,418;13,44170893;52,55004821
209919;11;2;2200211;2021;1;13;6;3;2;6;0;0;1;0;0;0;1;0;797917,0925;5824578,66;13,38877657;52,48982283
209918;11;9;9200613;2021;3;16;4;2;1;5;0;1;1;0;0;0;0;0;807334,1011;5821034,796;13,52377616;52,45284235
209917;11;11;11401033;2021;1;0;5;2;0;7;2;0;1;0;0;0;0;1;806922,4417;5827729,016;13,52390015;52,51306872
209916;11;9;9100305;2021;3;5;6;2;5;2;2;0;1;0;0;0;1;1;805014,8883;5822700,789;13,49127529;52,46907301
209915;11;12;12400720;2021;2;9;6;3;5;7;0;0;1;0;0;0;0;0;790090,7795;5840098,831;13,2874061;52,63317639
209914;11;9;9200715;2021;3;11;1;3;2;6;0;0;1;0;0;0;0;1;807685,4364;5818114,884;13,52624212;52,42647586
209913;11;4;4200308;2021;2;14;5;3;3;2;0;0;1;0;0;0;0;0;790576,6992;5827337,965;13,2833818;52,51851702
209912;11;12;12100204;2021;1;7;6;3;5;3;2;0;1;0;0;0;0;1;795471,099;5832482,135;13,35987979;52,56200021
209911;11;8;8401246;2021;3;15;3;3;5;2;0;1;0;0;1;0;0;0;807005,1593;5817444,192;13,51565314;52,42084698
209910;11;8;8100208;2021;1;17;2;3;2;6;2;0;0;0;0;0;1;1;801593,958;5822840,268;13,44119424;52,47222244
209909;11;1;1100308;2021;2;12;4;3;1;5;0;1;1;0;0;0;0;1;797493,8255;5828806,548;13,3863397;52,52795179
209908;11;3;3400724;2021;3;17;6;3;5;3;1;1;1;0;0;0;0;0;800030,6468;5834667,931;13,42891958;52,57909878
209907;11;3;3500934;2021;2;11;5;3;2;6;0;0;1;0;0;1;0;2;801059,9122;5831419,745;13,4411162;52,54941664
209906;11;9;9100409;2021;2;15;5;3;5;3;0;0;1;0;0;0;1;0;807062,2563;5818317,923;13,51729212;52,42864564
209905;11;1;1100207;2021;1;9;3;3;5;3;0;1;1;0;0;0;0;0;798481,8171;5826666,263;13,39894011;52,50822701
209904;11;1;1400942;2021;3;15;5;3;5;3;0;0;1;0;0;0;0;0;794648,3517;5830521,459;13,34603745;52,54487012
209903;11;10;10100104;2021;3;19;7;3;6;4;2;0;1;1;0;0;0;1;810321,1266;5833581,103;13,57928735;52,56358904
209902;11;7;7501029;2021;3;12;2;3;5;2;0;0;1;0;0;0;1;0;797539,533;5819904,582;13,37906392;52,44813057
209901;11;6;6400843;2021;1;18;3;3;6;4;2;0;1;1;0;0;0;1;792010,5294;5820635,54;13,2985805;52,45766481
209900;11;1;1400937;2021;1;14;4;3;5;2;0;0;1;0;0;0;0;0;793963,9515;5832013,577;13,33729518;52,55861569
209899;11;4;4400728;2021;2;10;2;3;5;2;0;1;1;0;0;0;0;0;790684,5371;5822677,51;13,28089926;52,47667826
209898;11;9;9200614;2021;3;19;2;3;5;3;2;1;1;0;0;0;0;1;808381,0692;5820893,165;13,53900372;52,45098344
209897;11;1;1100312;2021;3;12;5;3;1;5;0;1;1;0;0;0;0;1;799264,1482;5826920,941;13,41066179;52,51008123
209896;11;12;12200309;2021;1;5;4;3;1;5;2;1;1;0;0;0;0;1;793008,9193;5832673,572;13,32383063;52,56504693
209895;11;10;10200629;2021;2;13;7;3;5;3;0;0;1;0;0;0;0;1;811123,3312;5828405,991;13,58623826;52,51675559
209894;11;10;10200627;2021;2;14;7;2;6;4;0;0;1;1;0;0;0;0;811178,3624;5829839,525;13,58838783;52,52957056
209893;11;12;12500824;2021;1;17;4;3;1;5;2;0;1;0;0;1;0;1;790634,4532;5835709,823;13,29156087;52,59353928
209892;11;3;3400721;2021;3;15;4;3;6;7;0;0;1;1;0;0;0;0;797998,3787;5832663,995;13,39721598;52,56225307
209891;11;12;12200411;2021;2;20;3;3;5;3;2;0;1;0;0;0;0;1;792897,799;5832158,918;13,32174163;52,56049311
209890;11;12;12601235;2021;1;15;4;3;5;2;0;0;1;0;0;0;0;0;795279,5599;5836363,276;13,36051968;52,59689484
209889;11;4;4100101;2021;1;15;4;2;0;7;0;0;1;0;1;0;0;1;790122,5964;5829360,124;13,2784727;52,53688762
209888;11;12;12200309;2021;3;13;6;3;2;6;0;0;1;0;0;0;1;0;792537,7334;5832838,495;13,31704441;52,56677878
209887;11;9;9100306;2021;2;8;3;3;2;6;0;0;1;0;0;0;0;0;804259,3534;5820137,122;13,4778509;52,44651673
209886;11;1;1100310;2021;3;19;4;3;5;7;2;1;1;0;0;0;0;0;798950,7953;5827814,98;13,40686153;52,51826683
209885;11;11;11300722;2021;3;20;5;2;5;3;2;0;1;0;0;0;1;1;803421,0518;5828617,527;13,47327343;52,52299119
209884;11;3;3601450;2021;2;6;5;3;3;6;2;0;1;0;0;0;0;1;801920,879;5829797,985;13,45230138;52,53440436
209883;11;12;12200412;2021;3;15;3;3;6;2;0;0;1;1;0;0;0;0;790717,5594;5834501,027;13,29172358;52,58265822
209882;11;9;9501941;2021;1;12;6;3;2;2;0;0;1;0;0;0;0;1;812063,2022;5821198,31;13,59329745;52,45162865
209881;11;2;2500831;2021;2;18;3;3;5;2;2;0;1;0;1;0;0;1;802857,7406;5827211,39;13,46371611;52,51070134
209880;11;11;11400929;2021;3;18;7;3;5;3;1;0;1;0;0;0;0;0;804591,784;5826374,121;13,48842259;52,50223181
209879;11;11;11200515;2021;2;7;4;3;5;3;0;1;1;0;0;0;0;0;806173,8157;5830411,628;13,5153728;52,53753165
209878;11;4;4500936;2021;1;16;6;3;5;3;1;0;1;0;0;0;0;0;792297,4459;5825381,09;13,30695113;52,50005452
209877;11;8;8100104;2021;3;8;5;1;5;2;0;1;0;0;0;1;0;0;800270,9511;5822151,402;13,42115515;52,46677666
209876;11;8;8100314;2021;3;17;7;3;6;2;1;0;1;1;0;0;0;1;800330,0662;5824358,379;13,42401022;52,48652625
209875;11;3;3100101;2021;3;9;2;3;5;3;0;0;1;0;0;1;0;0;800420,952;5841151,586;13,4405482;52,63699678
209874;11;11;11100204;2021;2;14;7;3;6;4;0;0;1;1;0;0;0;0;806299,855;5833624,487;13,52018914;52,56625493
209873;11;10;10100312;2021;1;4;1;3;9;1;2;0;1;0;0;0;0;0;807932,828;5829216,076;13,54011855;52,52582621
209872;11;9;9100101;2021;1;17;3;3;5;2;2;1;0;0;0;0;1;1;802345,114;5824755,558;13,45395608;52,48897407
209871;11;6;6300633;2021;1;14;4;2;6;4;0;0;1;1;0;0;0;0;793207,8349;5819560,008;13,31520713;52,4473819
209870;11;2;2500833;2021;2;13;7;2;2;7;0;0;1;0;1;0;0;0;802473,2408;5827070,801;13,45793999;52,50965458
209869;11;1;1100415;2021;3;17;3;2;2;7;0;0;1;0;1;0;0;0;798379,694;5829258,542;13,39976509;52,53151917
209868;11;3;3500936;2021;1;13;3;1;6;4;0;0;0;1;0;0;1;0;802767,0808;5831682,561;13,46645637;52,55082607
209867;11;4;4500936;2021;2;18;4;3;3;6;2;0;1;0;0;0;0;2;792150,8769;5825666,596;13,30504857;52,50269252
209866;11;1;1200624;2021;2;19;5;3;5;2;2;1;1;0;0;0;0;0;795668,661;5829732,691;13,36033767;52,53724679
209865;11;7;7200410;2021;1;10;1;3;5;3;0;0;1;0;0;0;1;1;795620,631;5823736,816;13,35430603;52,48352479
209864;11;1;1300730;2021;3;8;4;2;6;2;0;0;1;1;0;0;0;0;796162,943;5832263,235;13,36986082;52,55966213
209863;11;1;1400939;2021;1;10;1;3;0;1;0;0;0;0;1;0;0;2;794722,7823;5831522,679;13,34802049;52,55380502
209862;11;3;3501038;2021;1;12;2;3;5;7;0;1;1;0;0;0;0;2;803858,1195;5832990,423;13,48369523;52,56194038
209861;11;4;4300621;2021;1;20;3;3;5;7;2;0;1;0;0;0;0;1;792749,6039;5826895,31;13,31492469;52,51338665
209860;11;2;2100106;2021;3;17;4;3;5;2;0;0;1;0;1;0;0;1;799068,3744;5825601,886;13,40660088;52,49836514
209859;11;5;5200420;2021;3;8;6;3;5;3;0;0;1;0;0;0;1;1;782235,2861;5827622,682;13,16102047;52,52545125
209858;11;2;2100106;2021;3;7;2;3;5;2;0;0;0;0;1;0;1;0;799880,024;5825707,995;13,41861702;52,49887086
209857;11;3;3300516;2021;2;14;7;3;5;3;0;0;1;0;0;0;0;0;801107,4057;5834310,415;13,44443761;52,57529962
209856;11;8;8100104;2021;1;19;2;3;5;7;2;1;1;0;0;0;0;1;800259,9682;5822215,766;13,42105188;52,46735962
209855;11;6;6100205;2021;1;10;2;3;6;7;0;0;1;1;0;0;0;0;795527,0759;5819700,342;13,34935771;52,44739123
209854;11;12;12601134;2021;2;22;4;3;8;1;2;0;1;0;0;0;0;1;794727,2133;5836859,869;13,35283061;52,60164598
209853;11;8;8300934;2021;3;15;3;3;2;6;0;0;1;0;0;0;1;0;802740,99;5818148,804;13,45377749;52,42953805
209852;11;5;5300840;2021;2;17;5;2;5;2;2;0;1;0;0;0;0;2;789207,7954;5829280,507;13,26495342;52,53666009
209851;11;9;9200510;2021;2;6;5;3;3;6;0;1;1;0;0;0;0;0;806206,8358;5823250,693;13,50927226;52,47333472
209850;11;2;2100102;2021;1;18;2;2;1;5;2;1;1;0;0;0;0;0;797685,9538;5826425,97;13,38703343;52,50650792
209849;11;2;2200213;2021;3;18;5;3;1;5;2;1;1;0;0;0;0;0;799803,7392;5824995,849;13,41685571;52,49252947
209848;11;3;3300411;2021;1;15;6;2;6;4;0;0;1;1;0;0;0;0;803288,0449;5839660,621;13,48141843;52,62204038
209847;11;7;7100102;2021;3;19;2;3;6;2;1;0;1;1;0;0;0;1;794966,3087;5825196,659;13,34599065;52,49696518
209846;11;6;6200422;2021;2;18;6;3;6;2;2;0;1;1;0;0;0;2;794205,2732;5817193,386;13,32775832;52,42563022
209845;11;6;6300633;2021;3;17;2;3;5;3;0;0;1;0;1;0;0;0;793251,911;5818490,33;13,31491507;52,43776885
209844;11;9;9100304;2021;1;21;2;3;5;3;2;1;1;0;0;0;0;1;804874,4542;5822500,518;13,48903134;52,46735644
209843;11;4;4501153;2021;1;11;4;3;6;4;0;0;1;1;0;0;0;1;794209,2588;5823431,037;13,33331229;52,48154594
209842;11;1;1300733;2021;2;17;2;3;5;2;0;1;1;0;0;0;0;0;797706,2683;5831844,091;13,39218396;52,5550635
209841;11;2;2500833;2021;3;18;3;3;6;7;2;1;0;1;0;0;0;0;802522,335;5827286,117;13,45885688;52,51155722
209840;11;2;2300417;2021;3;12;4;3;5;3;0;1;1;0;0;0;0;0;800490,334;5825756,97;13,42762475;52,49897414
209839;11;11;11100102;2021;1;7;5;2;2;7;2;0;1;0;0;0;0;1;807352,7932;5834153,805;13,53616536;52,57040523
209838;11;9;9200510;2021;2;16;2;3;6;4;1;1;0;1;0;0;0;1;806234,7741;5823214,047;13,50964866;52,47299062
209837;11;10;10400835;2021;2;8;7;3;1;5;0;0;1;0;0;0;0;0;812003,9197;5829489,117;13,60018946;52,52595865
209836;11;7;7100204;2021;1;16;3;3;6;4;2;0;0;1;0;0;1;0;795240,4312;5824482,163;13,34938372;52,49041201
209835;11;11;11300619;2021;3;9;4;3;2;6;0;0;1;0;0;0;0;0;803834,4415;5828685,44;13,47940976;52,52336968
209834;11;8;8100104;2021;2;17;3;2;2;6;2;1;0;0;0;0;1;1;800761,506;5822757,347;13,42890084;52,47193816
209833;11;11;11501340;2021;2;13;6;3;5;3;0;0;1;0;0;0;0;0;807680,7844;5824546,055;13,53209958;52,48411567
209832;11;12;12400722;2021;1;6;5;2;4;6;2;0;1;0;0;1;0;1;790619,1055;5837357,064;13,29278098;52,60831468
209831;11;2;2400623;2021;1;6;5;2;5;3;2;1;0;0;0;0;1;2;800367,4148;5827193,34;13,42711531;52,51191648
209830;11;1;1300834;2021;3;20;4;3;5;2;2;0;1;0;0;0;0;0;797507,2937;5831024,317;13,38852324;52,547824
209829;11;5;5100208;2021;2;7;2;3;0;1;0;0;0;0;1;0;0;1;782015,3752;5830192,6;13,1599687;52,54860807
209828;11;2;2100104;2021;3;11;4;3;5;2;0;1;1;0;0;0;0;0;799222,3755;5825981,783;13,40920402;52,50168596
209827;11;7;7400826;2021;3;15;5;3;5;3;0;0;1;0;1;0;0;0;796693,1286;5820021,025;13,36674966;52,44963436
209826;11;12;12400722;2021;2;7;5;2;1;5;0;0;1;0;0;0;0;1;791140,4889;5838828,639;13,30175404;52,62122787
209825;11;1;1100205;2021;3;20;3;3;5;2;2;1;1;0;0;0;0;0;797250,1496;5827363,761;13,38146891;52,51515178
209824;11;3;3500934;2021;1;17;5;3;5;3;2;0;1;0;0;0;0;1;801068,9248;5831437,698;13,441265;52,54957257
209823;11;2;2300419;2021;2;8;4;3;5;3;0;1;1;0;0;0;0;1;801622,6327;5825918,286;13,44440045;52,49979542
209822;11;2;2500835;2021;2;5;5;3;0;6;0;1;0;0;0;0;1;0;803036,4957;5825809,281;13,46506593;52,49803515
209821;11;8;8300934;2021;3;11;6;3;0;2;0;0;1;0;0;0;1;0;802715,9069;5818129,956;13,45339263;52,42938299
209820;11;4;4300619;2021;2;14;4;2;5;3;0;0;1;0;1;0;0;0;792768,424;5827045,479;13,31533336;52,51472276
209819;11;3;3400826;2021;1;11;6;3;5;3;0;1;1;0;0;0;0;0;798673,4632;5832491,965;13,40699058;52,56034119
209818;11;11;11501339;2021;3;17;6;3;1;5;0;1;1;0;0;0;0;0;807176,7624;5824337,309;13,52450823;52,48252862
209817;11;8;8100520;2021;3;20;7;2;5;2;2;0;1;0;0;0;0;1;803188,623;5822721,162;13,46449139;52,47027217
209816;11;3;3300517;2021;3;13;2;3;5;3;0;0;1;0;0;0;0;0;802889,489;5833531,368;13,46994343;52,5673284
209815;11;12;12100205;2021;2;16;7;3;0;7;0;0;1;0;1;0;0;0;793558,2126;5832501,849;13,33175925;52,56321164
209814;11;9;9100101;2021;1;7;5;3;5;3;0;1;1;0;0;0;0;1;802352,1958;5824761,08;13,45406507;52,48901964
209813;11;11;11100102;2021;1;11;1;3;5;2;0;1;1;0;0;0;0;0;809245,205;5834482,632;13,56430568;52,57228028
209812;11;12;12500825;2021;1;12;3;3;5;3;0;0;1;0;1;0;0;1;791275,2142;5834931,873;13,30030949;52,58622238
209811;11;10;10100104;2021;2;10;7;3;6;7;0;0;1;1;0;0;0;0;810194,4194;5833731,028;13,57756423;52,56500477
209810;11;7;7601442;2021;3;21;1;3;5;2;2;0;1;0;0;0;0;1;799261,7874;5816265,807;13,40107379;52,41457355
209809;11;8;8100520;2021;1;17;3;3;0;3;2;0;1;0;1;0;0;1;803098,665;5822634,835;13,46309269;52,46954834
209808;11;12;12500824;2021;2;11;2;3;8;1;0;0;1;0;0;0;0;2;790188,7625;5835894,271;13,28516137;52,59543083
209807;11;8;8100206;2021;2;17;6;3;1;5;0;1;1;0;0;0;0;0;800353,7642;5824229,073;13,42424165;52,48535419
209806;11;10;10300732;2021;1;3;1;3;1;5;2;0;1;0;0;1;0;1;809783,9055;5827918,238;13,56610813;52,51314695
209805;11;9;9501939;2021;3;15;4;3;5;2;0;1;1;0;0;0;0;0;809638,3683;5821500,289;13,55800911;52,45571372
209804;11;8;8100415;2021;1;6;6;3;6;2;2;0;1;1;0;0;0;0;802030,332;5823470,808;13,44817013;52,47763295
209803;11;8;8200726;2021;1;8;3;3;5;3;0;0;1;0;0;0;1;1;801412,9292;5820221,245;13,43617234;52,44884732
209802;11;1;1100103;2021;1;18;3;3;1;5;2;1;1;0;0;0;0;1;795950,9984;5825626,761;13,36083553;52,50028761
209801;11;3;3400620;2021;2;9;2;3;5;3;0;1;1;0;0;0;0;0;796683,2119;5833998,241;13,37906475;52,57493122
209800;11;4;4500936;2021;3;17;2;3;1;5;0;1;1;0;0;0;0;1;792080,1076;5825523,956;13,30388381;52,50145166
209799;11;6;6200423;2021;3;9;4;3;5;2;0;1;0;0;0;1;0;0;793383,4496;5816240,135;13,31487066;52,41752579
209798;11;3;3400721;2021;2;8;2;3;2;7;0;0;1;0;0;0;0;1;798238,8635;5833057,416;13,4011068;52,56564785
209797;11;12;12601133;2021;3;10;2;3;2;6;0;1;0;0;0;0;1;0;795264,2936;5836954,449;13,36082215;52,60220239
209796;11;4;4400835;2021;1;16;4;3;5;2;1;1;1;0;0;0;0;1;792827,8783;5821866,143;13,31165516;52,46825958
209795;11;8;8200727;2021;2;13;2;3;0;4;0;1;0;1;0;0;0;2;802656,404;5819649,116;13,45389551;52,44303233
209794;11;12;12100205;2021;2;13;7;3;3;5;0;0;1;0;0;1;0;2;794539,3769;5833091,1;13,3467153;52,56796391
209793;11;7;7300619;2021;1;15;5;3;6;7;0;1;0;1;0;0;0;0;795861,706;5821238,199;13,35562965;52,46099603
209792;11;5;5300737;2021;3;16;6;3;0;3;0;1;0;0;1;0;0;0;787958,5016;5829368,943;13,24666181;52,53811452
209791;11;12;12200309;2021;2;14;3;3;2;4;0;0;1;1;0;0;0;0;793274,0572;5832569,638;13,32763917;52,56397246
209790;11;8;8100105;2021;1;16;5;3;0;6;1;0;1;0;0;0;1;0;800983,3279;5822152,235;13,43161082;52,46639217
209789;11;8;8100311;2021;3;17;4;2;5;3;0;1;1;0;0;0;0;0;800501,8017;5824565,035;13,4267181;52,4882841
209788;11;1;1300733;2021;3;22;5;2;1;5;2;0;1;0;0;0;0;1;797470,2648;5831863,767;13,38873085;52,55536883
209787;11;1;7100101;2021;3;15;7;3;5;3;0;1;1;0;0;0;0;0;794697,636;5826029,899;13,34278179;52,50457979
209786;11;4;4100101;2021;2;18;1;3;5;2;2;0;1;0;0;0;0;0;793352,5708;5829680,314;13,32624142;52,53802894
209785;11;12;12601235;2021;3;15;3;2;4;3;0;0;1;0;0;0;0;1;795466,66;5836393,137;13,3633006;52,59706089
209784;11;4;4200308;2021;3;14;5;3;2;6;0;0;1;0;0;0;1;1;788212,8887;5827804,684;13,24904592;52,52395582
209783;11;3;3500933;2021;2;12;1;3;5;3;0;0;1;0;0;0;0;0;802407,9844;5832561,754;13,4619773;52,55890561
209782;11;1;1100310;2021;2;5;1;3;5;3;1;0;0;0;0;0;1;0;799498,019;5828344,449;13,41537892;52,52271245
209781;11;3;3501037;2021;1;10;3;3;5;3;0;1;1;0;0;0;0;1;802447,6618;5832659,497;13,46264987;52,55975963
209780;11;3;3400828;2021;3;7;5;3;0;3;0;1;1;0;0;0;0;0;799708,7858;5832505,765;13,42223007;52,55989603
209779;11;8;8301037;2021;2;15;3;3;2;6;0;0;1;0;0;0;1;0;804160,0448;5817808,675;13,47427567;52,42570246
209778;11;8;8200726;2021;2;19;6;3;2;6;2;0;1;0;0;0;0;1;801548,5587;5820595,586;13,43849998;52,45212785
209777;11;4;4300413;2021;1;17;5;3;5;3;2;1;1;0;0;0;0;0;790897,3419;5826980,872;13,28778178;52,51514474
209776;11;4;4501045;2021;3;12;6;3;2;6;0;0;1;0;0;0;0;0;793777,9205;5824924,944;13,32829587;52,49517039
209775;11;8;8200831;2021;2;11;3;3;6;7;0;0;0;1;0;0;1;0;800433,7106;5816333,48;13,41831382;52,41453819
209774;11;11;11400931;2021;3;17;3;3;3;6;0;0;1;0;0;0;0;0;806636,2651;5827235,096;13,51924126;52,50880305
209773;11;2;2200210;2021;3;12;5;3;2;7;0;0;1;0;0;0;0;1;798902,1072;5825239,753;13,40383393;52,49521021
209772;11;2;2500834;2021;2;12;4;3;5;2;0;0;1;0;0;0;0;1;802289,696;5826856,145;13,45504881;52,50783235
209771;11;5;5200629;2021;3;13;3;3;0;6;0;0;0;0;0;0;1;0;784757,4011;5828665,334;13,19898931;52,53348818
209770;11;2;2400623;2021;1;15;6;3;5;2;2;1;1;0;0;0;0;1;800314,1951;5827616,993;13,42671579;52,51574313
209769;11;7;7601442;2021;2;17;4;2;6;2;2;0;1;1;0;0;0;1;798696,5244;5816020,967;13,39256885;52,41268757
209768;11;4;4300623;2021;3;11;7;3;5;3;0;1;1;0;0;0;0;0;792720,6783;5826271,546;13,31395105;52,50781032
209767;11;1;1300836;2021;2;10;5;3;6;4;0;0;1;1;0;0;0;0;796526,5736;5830338,701;13,37349047;52,5422129
209766;11;10;10300731;2021;1;10;6;3;5;7;0;0;1;0;0;0;1;1;809565,237;5829276,697;13,56416022;52,52544511
209765;11;3;3601245;2021;3;10;5;3;5;3;0;0;1;0;0;0;0;0;800769,4836;5831326,247;13,4367612;52,54873903
209764;11;5;5300737;2021;3;17;2;3;2;6;0;0;1;0;0;0;0;1;787488,3679;5829885,761;13,2401964;52,54299627
209763;11;1;1100103;2021;2;15;6;3;2;2;0;0;1;0;0;0;0;1;795415,4341;5825816,393;13,35313699;52,5022777
209762;11;7;7100103;2021;1;3;1;3;9;1;2;0;1;0;0;0;0;0;795847,3407;5825426,849;13,35913536;52,49855177
209761;11;7;7501134;2021;1;13;2;3;5;2;0;1;1;0;0;0;0;1;799028,2926;5818839,103;13,39995141;52,43776765
209760;11;5;5100211;2021;2;15;6;3;5;2;0;1;1;0;0;0;0;0;783239,0137;5830270,913;13,17803316;52,54867537
209759;11;5;5200528;2021;3;6;1;3;6;2;0;0;1;1;0;0;0;0;783363,9879;5826756,427;13,17687503;52,51709869
209758;11;9;9200613;2021;1;13;3;3;0;7;0;0;0;0;0;1;0;0;805733,9173;5821774,457;13,50097879;52,46036888
209757;11;7;7601442;2021;2;19;4;3;6;2;2;0;1;1;0;0;0;2;799248,8383;5816259,603;13,40087841;52,41452501
209756;11;5;5100315;2021;2;10;5;3;6;7;0;0;0;1;0;0;1;0;784710,2128;5830104,941;13,19952919;52,54642032
209755;11;4;4300623;2021;1;11;3;3;0;4;0;0;1;1;0;0;0;0;792147,3173;5826470,281;13,30570157;52,50989929
209754;11;3;3601244;2021;3;6;4;3;0;3;0;0;1;0;0;0;0;0;800106,2409;5831699,023;13,42734616;52,5524461
209753;11;6;6400838;2021;1;12;7;3;2;6;0;0;1;0;0;0;0;2;788736,1522;5820202,292;13,25014975;52,45552029
209752;11;8;8100207;2021;1;16;3;3;0;2;1;1;1;0;0;0;0;1;801456,9391;5823237,761;13,43954236;52,47586089
209751;11;8;8200832;2021;1;7;4;3;6;2;2;0;0;1;0;0;1;1;800300,305;5816744,015;13,41672659;52,41829126
209750;11;7;7400720;2021;2;7;2;3;6;4;0;0;1;1;0;0;0;0;797207,3519;5823662,118;13,37753693;52,48199386
209749;11;1;1100103;2021;3;6;3;3;2;6;0;0;1;0;0;0;0;0;795313,3411;5826122,174;13,35190851;52,50507406
209748;11;1;1100103;2021;3;15;4;3;1;5;0;1;1;0;0;0;0;0;795219,2462;5825877,864;13,35030959;52,50293492
209747;11;4;4501045;2021;2;9;7;3;5;3;0;0;1;0;0;0;1;1;793702,7567;5824889,362;13,32716053;52,49489186
209746;11;6;6100204;2021;2;2;7;2;9;1;2;0;1;0;0;0;0;0;795419,7009;5820401,443;13,3484025;52,45373419
209745;11;12;12200309;2021;1;16;5;3;2;6;2;0;1;0;1;0;0;1;793458,0242;5832438,935;13,33022982;52,56270166
209744;11;2;2100101;2021;2;11;3;3;1;5;0;1;1;0;0;0;0;1;797846,0156;5825728,998;13,38876132;52,50017305
209743;11;3;3601450;2021;1;13;4;3;0;2;0;1;1;0;0;0;0;1;802028,398;5829641,142;13,45373919;52,53293902
209742;11;9;9300922;2021;3;8;5;2;5;3;0;0;1;0;0;0;0;0;808183,3962;5815760,537;13,53137477;52,40509555
209741;11;4;4300621;2021;3;16;7;2;0;7;0;1;0;0;0;0;0;0;792749,817;5826948,245;13,31497439;52,51386107
209740;11;11;11200513;2021;2;9;5;3;5;2;0;1;1;0;0;0;0;0;804651,6174;5831122,254;13,49365064;52,54475366
209739;11;8;8401246;2021;1;19;6;3;2;2;2;1;1;0;0;0;0;0;806252,6903;5816381,531;13,50365008;52,41174444
209738;11;1;1100310;2021;3;8;4;3;5;2;0;1;1;0;0;0;0;0;799520,4515;5827576,339;13,41501698;52,51581521
209737;11;3;3100102;2021;3;15;5;3;2;6;0;0;1;0;0;0;1;1;804820,219;5841401,754;13,50558781;52,63678737
209736;11;1;1100416;2021;3;10;2;3;5;2;0;1;1;0;0;0;0;0;798236,8778;5829639,627;13,39800787;52,53501324
209735;11;12;12200412;2021;2;15;3;3;2;6;0;0;1;0;0;0;0;1;790713,6828;5834288,247;13,29147988;52,58075276
209734;11;2;2300315;2021;1;1;1;3;5;2;2;1;1;0;0;0;0;0;800439,8276;5825768,848;13,42689368;52,49910842
209733;11;9;9300922;2021;3;10;3;2;6;4;0;0;1;1;0;0;0;0;807795,7625;5815891,717;13,52581508;52,40648924
209732;11;6;6300524;2021;1;11;2;3;5;3;0;0;1;0;1;0;0;1;789089,7571;5817206,494;13,25274746;52,42847458
209731;11;2;2300315;2021;2;8;4;3;0;1;0;0;0;0;1;0;0;1;800999,7732;5825898,057;13,43523426;52,499958
209730;11;3;3200310;2021;3;9;6;3;5;3;0;1;1;0;0;0;0;0;799648,6775;5837836,127;13,42616567;52,60770652
209729;11;8;8100206;2021;2;12;4;3;2;6;0;0;1;0;0;0;1;1;800356,3648;5824307,212;13,42435025;52,48605316
209728;11;5;5200422;2021;2;8;6;3;5;3;0;0;1;0;0;0;0;1;780098,9814;5828715,71;13,13053505;52,53635399
209727;11;12;12200412;2021;1;9;2;3;6;4;0;0;1;1;0;0;0;1;789703,626;5833671,205;13,27607553;52,5757597
209726;11;10;10400941;2021;3;9;5;3;5;3;0;0;1;0;0;0;0;0;813897,9818;5825571,279;13,62432285;52,48976432
209725;11;3;3601245;2021;3;14;6;3;0;3;0;0;1;0;0;0;1;0;800488,5264;5831485,796;13,43277456;52,55032415
209724;11;7;7400823;2021;3;11;2;3;3;6;0;0;1;0;0;0;0;0;797282,2648;5821117,838;13,37636961;52,45914619
209723;11;4;4501152;2021;1;17;2;2;5;3;2;1;1;0;0;0;0;1;793976,0301;5824703,998;13,33101064;52,49308304
209722;11;6;6400737;2021;1;14;4;2;6;4;0;1;0;1;0;0;0;0;785395,048;5817640,677;13,19892533;52,43430747
209721;11;4;4200309;2021;2;16;2;3;5;2;0;0;1;0;0;0;0;0;788991,2547;5826717,527;13,25954228;52,51379712
209720;11;12;12601235;2021;2;6;3;3;2;6;1;0;1;0;0;0;1;1;795253,0488;5836361,584;13,3601279;52,59689406
209719;11;7;7400721;2021;3;16;3;3;2;6;1;1;0;0;0;0;0;0;798754,3266;5823945,35;13,40050318;52,48368851
209718;11;12;12200308;2021;1;13;5;3;5;3;0;0;1;0;0;0;0;1;792855,1598;5833651,921;13,32243252;52,57390007
209717;11;8;8100417;2021;2;15;4;3;1;5;0;0;1;0;0;0;0;1;801842,7619;5822693,185;13,44471301;52,47076669
209716;11;5;5200420;2021;3;7;6;3;5;2;0;1;1;0;0;0;0;0;783439,013;5828262,684;13,17926155;52,53056516
209715;11;8;8100209;2021;2;7;4;3;5;2;0;1;1;0;0;0;0;0;801751,1856;5822053,599;13,44279053;52,46508455
209714;11;2;2200210;2021;1;9;3;3;0;6;0;0;0;0;1;0;1;1;798894,7555;5825094,57;13,40359571;52,49391287