OBJECTID;LAND;BEZ;LOR_ab_2021;UJAHR;UMONAT;USTUNDE;UWOCHENTAG;UKATEGORIE;UART;UTYP1;ULICHTVERH;IstRad;IstPKW;IstFuss;IstKrad;IstGkfz;IstSonstige;USTRZUSTAND;LINREFX;LINREFY;XGCSWGS84;YGCSWGS84,,,,
113547;11;2;2500833;2021;9;7;7;3;0;1;0;1;0;0;0;0;0;0;802103,1156;5827497,889;13,45289057;52,51368767
113545;11;1;1100102;2021;3;12;2;3;4;6;0;1;0;0;0;0;0;0;796616,2921;5826723,439;13,37158471;52,50975703
113542;11;3;3601451;2021;6;7;1;3;5;3;0;1;1;0;0;0;0;0;800843,094;5830324,333;13,43693611;52,53971807
113540;11;2;2100101;2021;9;15;5;2;5;3;0;0;1;0;0;0;1;0;797884,511;5825496,457;13,38911875;52,49806758
113539;11;4;4200308;2021;11;17;5;3;2;6;2;0;1;0;0;0;0;1;790463,1568;5828452,297;13,28268642;52,52856753
113538;11;4;4300622;2021;8;12;5;3;3;2;0;0;1;0;0;0;0;1;793310,3805;5826832,171;13,32310896;52,51251936
113533;11;4;4200311;2021;10;10;3;3;2;6;0;0;1;0;0;0;0;0;790493,6473;5826371,263;13,2813173;52,50989473
113532;11;10;10300734;2021;12;9;5;3;2;6;0;0;1;0;0;0;0;0;810524,882;5827089,981;13,57621942;52,50530324
113529;11;12;12100103;2021;2;10;3;3;5;2;0;0;1;0;0;0;0;1;795336,6228;5833746,109;13,35902712;52,57340351
113525;11;2;2500727;2021;6;15;5;3;5;2;0;1;1;0;0;0;0;0;802584,2849;5827686,436;13,46013094;52,51511089
113521;11;4;4200206;2021;5;14;5;3;2;6;0;0;1;0;0;0;0;0;786805,2005;5825836,489;13,22665767;52,50705193
113520;11;2;2200208;2021;8;15;5;3;5;3;0;0;1;0;0;0;0;0;797862,8619;5825448,146;13,38875758;52,49764635
113513;11;12;12200414;2021;7;8;4;3;3;6;0;0;1;0;0;1;0;1;791692,5004;5831037,462;13,30302646;52,55108656
113511;11;12;12200414;2021;10;10;3;3;0;1;0;0;1;0;0;0;1;1;792125,144;5832354,93;13,31054869;52,56266535
113510;11;7;7300619;2021;11;19;5;2;2;6;1;0;1;0;0;0;1;1;795217,878;5822882,537;13,34763591;52,47608466
113509;11;1;1100310;2021;9;0;6;3;0;3;0;1;1;0;0;0;0;0;799595,725;5828279,342;13,41675606;52,52207519
113506;11;4;4400726;2021;4;15;7;3;2;6;0;0;1;0;0;0;1;0;790759,2992;5824874,79;13,28391383;52,49633726
113503;11;7;7200411;2021;3;18;7;3;5;7;1;0;1;0;0;0;0;1;795777,294;5824122,452;13,35694852;52,48689687
113502;11;5;5200633;2021;10;8;2;3;3;6;0;0;1;0;0;1;0;0;783997,5052;5826585,725;13,18604051;52,5152386
113501;11;4;4100102;2021;12;17;4;3;0;1;2;0;0;0;1;0;0;0;791515,6378;5829160,495;13,29877824;52,53435461
113500;11;1;1100310;2021;9;13;5;3;2;6;0;0;1;0;1;0;0;0;799143,5315;5827695,111;13,40958575;52,51708669
113498;11;9;9100101;2021;2;14;1;3;3;6;0;0;1;0;0;0;1;0;802639,5762;5825174,744;13,45866036;52,49256807
113494;11;3;3601451;2021;6;14;7;3;6;4;0;0;1;1;0;0;0;0;800669,7316;5829887,461;13,43399234;52,53589799
113490;11;7;7501030;2021;5;11;2;3;5;2;0;0;1;0;1;0;0;0;797881,8893;5820440,63;13,38456464;52,45274925
113489;11;4;4200308;2021;8;14;2;3;2;6;0;0;1;0;0;0;0;0;790410,9859;5827792,487;13,28134328;52,52268011
113485;11;4;4300621;2021;7;18;5;3;5;2;0;1;1;0;0;0;0;1;792099,6982;5826634,753;13,30514625;52,51139924
113483;11;1;1100310;2021;10;10;2;3;0;5;0;1;1;0;0;0;0;0;799718,7545;5828551,49;13,4188092;52,52444696
113482;11;3;3601449;2021;11;7;4;3;5;2;0;1;1;0;0;0;0;1;800962,1727;5830516,493;13,43886066;52,54137468
113480;11;12;12200414;2021;6;21;7;2;4;6;2;0;1;0;1;0;0;0;791627,26;5830861,15;13,30191213;52,5495409
113477;11;9;9100101;2021;1;22;2;3;5;3;2;0;1;0;0;0;0;1;802582,7769;5825085,785;13,45774553;52,49180222
113474;11;6;6400737;2021;4;21;2;3;2;6;2;0;1;0;0;1;0;0;786967,5297;5820573,407;13,224512;52,45977913
113473;11;3;3601142;2021;6;16;2;3;5;2;0;1;1;0;0;0;0;0;799165,6822;5830373,56;13,41232135;52,5410828
113471;11;7;7400927;2021;11;13;3;3;3;6;0;0;1;0;0;1;0;0;799325,3695;5821545,467;13,40673386;52,46186414
113469;11;12;12500824;2021;5;13;1;3;2;6;0;0;1;0;0;0;0;1;790280,5806;5835685,436;13,28633006;52,59350965
113468;11;3;3601451;2021;8;6;2;2;5;3;0;1;1;0;0;0;0;0;800630,4039;5829982,651;13,43350037;52,53677288
113467;11;7;7400825;2021;9;16;2;2;0;2;0;0;1;0;0;0;1;0;797809,4257;5820978,372;13,38398102;52,45760902
113463;11;12;12400723;2021;3;19;2;3;5;3;2;0;1;0;0;0;0;0;791887,995;5838994,862;13,31291158;52,62231691
113460;11;2;2500835;2021;7;15;6;3;5;3;0;1;1;0;0;0;0;0;802206,5329;5826088,808;13,45313073;52,50100077
113458;11;11;11300722;2021;9;15;7;3;2;2;0;0;1;0;0;0;0;0;803750,6394;5827583,695;13,47717245;52,51354176
113457;11;2;2500729;2021;11;9;2;2;6;4;0;0;1;1;1;0;0;0;803272,0521;5827632,485;13,47018606;52,51424536
113456;11;7;7200411;2021;8;0;3;3;5;2;2;1;1;0;0;0;0;0;795821,0997;5824180,785;13,35764355;52,48739605
113451;11;5;5200634;2021;7;17;2;3;0;1;0;1;1;0;0;0;0;0;785804,7845;5826103,357;13,21218701;52,50996967
113450;11;10;10300733;2021;10;14;4;3;2;6;0;0;1;0;0;0;0;0;809182,6286;5827395,062;13,55679001;52,50879953
113449;11;4;4100101;2021;12;17;6;3;2;6;2;0;1;0;0;0;0;1;791328,0606;5830061,746;13,29681082;52,54253448
113448;11;3;3400620;2021;5;10;1;2;2;6;0;0;1;0;1;0;0;0;798028,2148;5833618,802;13,39851261;52,57079523
113445;11;1;1100310;2021;1;16;5;3;5;3;1;1;1;0;0;0;0;0;799772,0415;5828644,548;13,41967617;52,52525178
113441;11;6;6300527;2021;6;18;2;2;0;2;0;1;1;0;0;0;0;0;789778,879;5818001,206;13,26354332;52,43523492
113437;11;4;4501151;2021;5;15;2;3;2;6;0;0;1;0;0;0;0;0;793728,1455;5822999,915;13,32586829;52,47794012
113436;11;1;1300836;2021;8;22;1;3;5;2;2;0;1;0;0;0;0;1;796332,2398;5830068,108;13,37039194;52,53989305
113434;11;7;7400824;2021;9;18;3;3;2;6;0;0;1;0;0;0;0;0;797336,0456;5822340,698;13,37824833;52,47007864
113433;11;7;7200308;2021;3;10;7;3;3;6;0;0;1;0;0;0;0;0;794772,2406;5823158,544;13,34133752;52,4787996
113429;11;10;10100208;2021;7;10;3;3;2;6;0;0;1;0;0;0;1;0;808320,749;5832061,738;13,54845873;52,55110928
113427;11;3;3601142;2021;9;8;5;3;1;7;0;0;0;0;1;0;1;0;799164,7508;5830452,119;13,4123784;52,54178747
113426;11;12;12400618;2021;11;6;3;3;2;7;2;0;1;0;0;1;0;1;787548,5944;5838752,653;13,24877556;52,62245957
113425;11;1;1200624;2021;8;6;1;3;8;1;0;0;1;0;0;0;0;1;795866,349;5829576,804;13,36310508;52,53574212
113422;11;2;2500834;2021;4;16;5;3;0;1;0;1;0;0;0;0;0;0;802021,7823;5826964,137;13,45121132;52,50894867
113419;11;12;12400619;2021;3;7;6;3;3;7;0;0;1;0;0;0;0;1;789458,5531;5836673,432;13,27509239;52,60280518
113418;11;1;1100310;2021;10;22;3;3;5;2;2;1;1;0;0;0;0;1;799762,9794;5828629,134;13,4195291;52,5251186
113417;11;4;4200311;2021;12;16;5;3;2;6;0;0;1;0;0;0;0;0;790459,7914;5825433,631;13,28000178;52,50150681
113416;11;12;12200411;2021;9;5;6;2;0;1;2;0;0;0;1;0;0;1;792890,5817;5832237,324;13,32170467;52,56119986
113414;11;7;7400928;2021;2;14;2;3;3;6;0;0;1;0;0;1;0;0;799925,6745;5821457,821;13,41546446;52,46074937
113410;11;3;3500936;2021;6;17;7;2;5;7;0;0;1;0;0;0;1;0;801542,2371;5831167,045;13,44797853;52,54688491
113407;11;1;1100310;2021;7;16;3;3;6;2;0;0;1;1;0;0;0;0;799761,4644;5828626,477;13,41950444;52,52509562
113406;11;7;7400822;2021;10;20;5;2;2;6;2;0;1;0;0;0;0;0;796535,0409;5822552,398;13,36667903;52,47241173
113405;11;9;9100101;2021;12;9;4;3;5;7;0;1;1;0;0;0;0;1;802819,3415;5825432,169;13,46153402;52,49477566
113404;11;7;7400824;2021;5;13;2;2;3;6;0;0;1;0;0;0;1;0;797877,2556;5821703,696;13,38562362;52,46407379
113401;11;2;2500726;2021;1;22;4;2;5;3;2;0;1;0;0;0;0;1;801653,145;5828874,53;13,44752824;52,52627563
113397;11;3;3601451;2021;6;6;5;3;0;1;0;1;0;0;0;0;0;0;800657,6733;5830027,011;13,43394135;52,53715545
113393;11;4;4200310;2021;5;13;7;3;2;6;0;0;1;0;0;0;0;1;789781,3987;5826258,588;13,27075375;52,50926341
113392;11;7;7601236;2021;8;19;7;3;2;2;0;0;1;0;1;0;0;0;796608,5313;5815994,351;13,3619366;52,41358431
113390;11;2;2500727;2021;9;0;7;2;0;1;2;0;0;0;0;0;1;0;802119,3248;5827843,568;13,45344256;52,51677701
113388;11;4;4300414;2021;3;20;4;2;6;7;2;0;1;1;0;0;0;0;791695,706;5826588,061;13,29916927;52,51119685
113385;11;7;7300619;2021;7;9;6;2;2;6;0;0;1;0;0;0;0;0;795085,3849;5823056,796;13,345845;52,47771838
113383;11;4;4400830;2021;9;17;4;3;2;6;0;0;1;0;0;0;0;1;792030,5613;5823871,58;13,30170751;52,48666489
113382;11;2;2500727;2021;11;13;6;3;5;2;0;0;1;0;0;0;1;0;802177,9367;5827744,346;13,45421359;52,51585522
113381;11;12;12200310;2021;8;13;7;3;2;6;0;0;1;0;0;0;0;0;791725,1674;5833279,02;13,30547751;52,57116401
113378;11;3;3200205;2021;4;13;2;2;6;4;0;1;0;1;0;0;0;0;798121,3584;5835648,387;13,40170824;52,5889365
113375;11;10;10300733;2021;3;14;6;3;5;2;0;1;1;0;0;0;0;1;808741,1698;5827422,742;13,55033169;52,5092976
113374;11;1;1100310;2021;10;2;1;3;0;7;2;0;0;0;0;0;1;0;799582,0494;5828321,677;13,41659323;52,52246218
113373;11;3;3701657;2021;12;7;6;2;6;4;1;0;1;1;0;0;0;1;800136,919;5830705,767;13,42689962;52,54352638
113371;11;7;6100209;2021;1;1;7;3;8;1;2;0;1;0;0;0;0;2;794580,4439;5821805,405;13,33732658;52,46677293
113367;11;4;4400725;2021;6;7;4;3;2;6;0;0;1;0;0;0;0;0;790537,0614;5825179,546;13,28091525;52,49918777
113363;11;2;2200207;2021;5;16;4;3;0;4;0;0;0;1;0;0;1;0;796857,0053;5825942,822;13,37442508;52,50262866
113362;11;1;12100101;2021;5;1;1;3;9;1;2;0;0;0;1;0;0;0;795858,2713;5832088,421;13,36522376;52,55826072
113361;11;7;7400825;2021;8;8;6;3;0;6;0;0;1;0;0;0;1;0;797835,8571;5820715,486;13,38413438;52,45523812
113354;11;2;2500727;2021;7;18;5;3;5;2;0;1;1;0;0;0;0;1;802149,1365;5827727,889;13,45377552;52,51572367
113352;11;9;9100101;2021;10;13;2;3;2;6;0;0;0;0;1;0;1;0;802646,1255;5825183,791;13,45876475;52,49264553
113351;11;1;1100310;2021;11;9;4;3;6;4;0;1;0;1;0;0;0;1;798627,7502;5827847,407;13,40214388;52,51873448
113350;11;7;7400825;2021;9;16;7;3;2;6;0;0;1;0;0;0;0;0;797869,4552;5820512,624;13,38444642;52,45340137
113348;11;7;7400721;2021;6;15;7;3;3;6;0;0;1;0;1;0;0;0;797824,6368;5822823,189;13,38585069;52,47413749
113346;11;10;10100206;2021;4;15;4;3;2;7;0;0;1;0;0;0;0;0;808683,2839;5832831,961;13,55450478;52,55780647
113343;11;3;3601141;2021;3;19;3;3;1;1;1;1;1;0;0;0;0;0;799210,3592;5831676,463;13,41415195;52,55273676
113342;11;1;1100102;2021;10;15;3;3;2;2;0;0;1;0;1;0;0;0;796454,0984;5827377,375;13,36978437;52,51570709
113341;11;3;3200206;2021;12;9;2;3;6;7;0;1;0;1;0;0;0;0;798257,1253;5834746,099;13,40289427;52,58077441
113340;11;10;10100312;2021;9;6;5;3;3;6;0;0;1;0;1;0;0;1;807680,0485;5829740,358;13,53688945;52,53066751
113337;11;7;7300619;2021;2;22;2;3;9;1;2;0;1;0;0;0;0;2;795786,5863;5822640,161;13,35576999;52,47360425
113334;11;4;4200311;2021;6;14;6;3;3;6;0;0;1;0;0;0;0;0;790566,8553;5826402,147;13,28241994;52,51013262
113331;11;1;1200624;2021;5;19;3;3;1;5;0;0;1;0;0;0;0;1;796204,6314;5829084,825;13,36763951;52,53114827
113330;11;1;1100310;2021;8;19;7;3;5;2;0;1;1;0;0;0;0;0;799762,9794;5828629,134;13,4195291;52,5251186
113326;11;3;3200204;2021;7;14;7;3;2;6;0;0;1;0;0;0;0;0;797150,7028;5838914,488;13,39035452;52,61874378
113324;11;10;10400941;2021;10;13;5;2;2;6;0;0;1;0;0;0;0;0;813805,8716;5827140,084;13,62444851;52,5038752
113323;11;7;7501135;2021;11;13;7;3;9;1;0;1;0;0;0;0;0;0;798942,8772;5817074,061;13,39712079;52,42199285
113321;11;3;3500936;2021;4;18;6;3;0;1;0;1;0;0;0;0;0;0;802421,3284;5831629,602;13,46132437;52,55054347
113318;11;7;7400825;2021;1;15;5;3;2;6;0;0;1;0;0;0;0;1;797838,0044;5820616,228;13,38407735;52,45434721
113315;11;2;2500727;2021;4;9;4;3;5;2;0;1;1;0;0;0;0;0;802144,2487;5827755,3;13,45372859;52,51597206
113314;11;7;7300619;2021;6;13;1;3;2;6;0;0;1;0;0;0;0;0;795697,9606;5823175,373;13,35494352;52,47845001
113311;11;4;4200311;2021;12;21;6;3;5;2;2;0;1;0;0;0;0;1;790522,4533;5826394,692;13,28176101;52,51008943
113310;11;4;4400727;2021;5;8;3;2;3;6;0;0;1;0;0;1;0;0;791666,1056;5824257,674;13,29669328;52,49032101
113309;11;12;12100205;2021;8;18;3;3;5;2;0;1;1;0;0;0;0;0;794559,1791;5833820,851;13,34765478;52,57449483
113307;11;3;3601449;2021;9;14;4;3;5;2;0;1;1;0;0;0;0;1;801319,3796;5830977,504;13,44453002;52,54530935
113304;11;2;2500727;2021;3;12;5;3;5;2;0;1;0;0;0;0;1;0;802143,9306;5827756,443;13,45372496;52,51598248
113301;11;2;2100101;2021;6;17;3;3;5;2;0;1;1;0;0;0;0;0;797851,374;5825505,215;13,38863989;52,49816417
113299;11;3;3601142;2021;9;20;5;3;5;3;2;0;1;0;0;0;0;0;799141,7571;5830377,409;13,41197309;52,54113044
113298;11;12;12100204;2021;11;10;3;3;1;5;0;1;1;0;0;0;0;1;795759,9577;5832645,952;13,36427468;52,56331184
113297;11;2;2500833;2021;8;1;5;3;0;7;2;0;0;0;0;0;1;0;802055,2436;5827267,677;13,45197832;52,51165079
113292;11;3;3601142;2021;7;9;5;3;3;6;0;1;0;0;0;0;1;0;799140,6429;5830701,651;13,41224868;52,54403738
113291;11;1;1100310;2021;10;12;7;3;5;3;0;1;1;0;0;0;0;0;799337,8191;5827948,196;13,41266818;52,51924861
113290;11;6;6300629;2021;12;12;3;3;2;6;0;0;1;0;0;0;0;0;792843,6316;5820019,408;13,31026631;52,45169554
113287;11;7;4501153;2021;1;17;2;3;2;6;2;0;1;0;0;0;0;1;794337,3853;5823066,449;13,33487171;52,47820856
113283;11;6;6300527;2021;6;12;6;3;5;2;0;0;1;0;0;1;0;0;790287,503;5818386,068;13,27133843;52,43841561
113279;11;3;3400829;2021;5;14;2;2;2;2;0;0;1;0;1;0;0;0;800071,9463;5832756,535;13,42779791;52,56194375
113278;11;7;7200411;2021;6;8;5;2;5;3;0;1;0;0;0;0;1;0;795902,323;5824349,903;13,35898642;52,48886804
113277;11;4;4300414;2021;8;16;7;3;5;2;0;1;1;0;0;0;0;0;791027,762;5826458,485;13,28924145;52,51039198
113274;11;1;1100104;2021;3;19;3;3;1;6;2;1;1;0;0;0;1;0;796228,4184;5825884,306;13,36513953;52,50244574
113270;11;4;4200311;2021;7;19;3;3;2;2;0;1;1;0;0;0;0;0;790513,0861;5826374,508;13,28160576;52,50991347
113268;11;3;3601142;2021;9;17;4;3;0;7;0;1;0;0;0;0;0;1;799163,8944;5830529,431;13,41243543;52,54248093
113267;11;4;4200206;2021;11;18;6;3;2;6;2;0;1;0;0;0;0;0;788970,8372;5826131,185;13,25873312;52,50855118
113266;11;7;7501030;2021;8;11;5;3;0;7;0;0;1;0;0;0;0;0;797999,322;5819760,838;13,38568117;52,44659164
113263;11;1;1401049;2021;4;15;6;3;2;6;0;0;1;0;0;0;0;0;795922,5121;5831812,047;13,36592221;52,5557484
113260;11;7;7501133;2021;3;16;1;3;2;2;0;0;1;0;0;0;0;0;797544,1726;5818277,977;13,37768377;52,43354712
113259;11;3;3701660;2021;10;19;3;1;6;4;1;0;0;1;1;0;0;0;800091,0571;5829069,127;13,42474751;52,52888193
113258;11;7;7400822;2021;12;16;6;3;2;6;2;0;1;0;0;0;0;1;796433,2407;5822601,873;13,36522865;52,47291048
113257;11;4;4300621;2021;9;19;6;3;5;2;2;1;1;0;0;0;0;0;792593,464;5826717,345;13,31247391;52,51187502
113255;11;1;1100207;2021;2;19;2;3;2;6;2;0;1;0;0;0;0;2;798475,3797;5826973,905;13,39912141;52,51098813
113251;11;4;4400726;2021;6;12;6;3;2;6;0;0;1;0;0;0;0;0;790745,8026;5824899,975;13,28373756;52,49657024
113246;11;7;7601547;2021;5;16;4;2;6;4;0;0;1;1;0;0;0;0;800418,2166;5812541,82;13,41468696;52,38055966
113245;11;6;6400735;2021;8;18;3;3;2;6;0;1;0;0;0;1;0;0;778279,0433;5814909,234;13,09225121;52,41348064
113241;11;7;7300619;2021;7;17;6;3;9;1;0;0;1;0;0;0;0;0;795867,054;5822661,179;13,35696989;52,47374908
113238;11;4;4400726;2021;7;14;7;3;2;6;0;0;1;0;0;0;0;0;790803,3606;5824808,736;13,28450337;52,49572161
113236;11;1;1100102;2021;10;17;7;3;6;4;0;0;1;1;0;0;0;0;796738,1663;5826663,592;13,37332187;52,50915428
113235;11;11;11401032;2021;11;18;5;2;2;6;1;0;1;0;0;0;0;1;805791,7045;5827384,237;13,50697293;52,51061375
113233;11;4;7200308;2021;9;21;1;3;3;6;2;0;1;0;0;0;0;0;794500,8111;5823118,157;13,33731675;52,47858399
113230;11;3;3500936;2021;4;15;3;3;3;6;0;0;1;0;1;0;0;0;802388,1111;5831615,173;13,46082282;52,55043258
113227;11;6;6400735;2021;4;14;6;2;3;4;0;1;0;1;0;0;0;0;783788,9327;5815998,614;13,17396998;52,42041973
113226;11;10;10100103;2021;7;9;2;3;5;3;0;0;1;0;0;0;0;0;808986,3179;5833503,692;13,55958596;52,56365442
113224;11;1;1100104;2021;10;6;7;3;5;3;2;0;1;0;0;0;0;0;796406,0484;5826274,293;13,36809596;52,50584514
113223;11;7;7400823;2021;12;7;3;3;3;6;1;0;1;0;1;1;0;0;796838,8689;5822406,774;13,37100939;52,47094133
113222;11;2;2500729;2021;5;17;3;3;6;7;0;0;0;1;0;0;1;0;803314,9396;5827611,807;13,47079728;52,51403618
113221;11;1;1100311;2021;5;22;2;3;3;7;1;1;0;0;0;0;1;0;799971,2904;5828092,105;13,42210603;52,52019045
113220;11;4;4200310;2021;8;14;1;3;3;6;0;0;1;0;0;0;0;0;789521,2414;5826217,664;13,26689556;52,50903465
113219;11;3;3100103;2021;9;13;3;2;7;7;0;0;1;0;0;0;1;0;803643,3138;5839970,425;13,48693494;52,62461856
113216;11;3;3601142;2021;3;17;2;2;3;2;1;0;1;0;1;0;0;0;799165,783;5830365,557;13,41231563;52,54101101
113213;11;7;7601442;2021;6;9;2;3;6;4;0;0;1;1;0;0;0;0;799683,2879;5815212,722;13,40631007;52,40490337
113211;11;12;12400723;2021;9;13;4;3;5;2;0;1;1;0;0;0;0;0;792091,0859;5838525,182;13,31548831;52,61799731
113210;11;1;1400940;2021;5;11;2;3;5;3;0;0;1;0;0;0;0;0;795861,5967;5832069,884;13,36525615;52,55809275
113209;11;7;7501133;2021;8;22;3;3;2;6;2;0;1;0;0;0;1;0;797806,3679;5818937,056;13,3821163;52,43931241
113205;11;5;5200528;2021;7;19;3;3;0;2;0;0;1;0;0;0;1;0;783517,187;5826715,15;13,17909154;52,51664897
113203;11;3;3100103;2021;10;17;5;2;3;5;0;0;1;0;0;0;0;0;804017,2834;5839809,122;13,4922943;52,62296377
113202;11;7;7400721;2021;11;6;2;3;2;6;1;0;1;0;0;0;0;1;797811,7045;5823098,136;13,38590636;52,47660913
113200;11;10;10100206;2021;5;18;7;3;3;6;0;0;1;0;0;0;0;0;808888,8407;5833374,627;13,55803233;52,5625531
113198;11;7;7501133;2021;5;12;6;2;5;3;0;1;1;0;0;0;0;1;798224,4317;5818775,07;13,38810386;52,43763258
113197;11;2;2500728;2021;8;7;6;3;1;1;0;1;1;0;0;0;0;0;803088,0573;5827651,111;13,46749993;52,51451457
113193;11;4;4300621;2021;7;7;3;3;5;2;0;1;1;0;0;0;0;0;792491,7519;5826700,238;13,31096437;52,51177621
113189;11;2;2500727;2021;7;12;4;3;0;1;0;1;0;0;0;0;0;0;802175,8828;5827752,441;13,45419077;52,51592891
113187;11;1;1400940;2021;10;15;6;3;5;3;0;0;1;0;0;0;0;0;795878,8823;5832058,208;13,36549997;52,5579787
113186;11;7;7200308;2021;11;8;2;3;5;2;0;1;1;0;0;0;0;1;795242,3113;5823528,817;13,34856685;52,48186492
113185;11;3;3701660;2021;9;17;6;2;0;2;0;1;1;0;0;0;0;0;800173,445;5829245,087;13,42611723;52,53041375
113182;11;6;6300527;2021;4;15;2;3;5;2;0;0;1;0;0;0;0;0;790290,5379;5818387,912;13,27138455;52,43843054
113179;11;4;4501151;2021;4;14;3;2;2;6;0;0;1;0;0;0;0;0;793617,9281;5822994,331;13,32424518;52,47794933
113178;11;7;7501133;2021;10;12;6;3;2;6;0;0;1;0;0;0;0;0;798410,9239;5818350,961;13,3904606;52,4337292
113177;11;3;3400725;2021;12;14;6;3;2;6;0;0;1;0;0;0;1;0;800220,1054;5835215,375;13,43220305;52,58390112
113176;11;3;3601449;2021;7;9;7;3;0;7;0;1;0;0;0;0;0;0;801009,2026;5830591,335;13,43961985;52,54201952
113173;11;7;7400824;2021;2;10;4;3;3;6;0;1;0;0;0;0;1;0;797860,633;5821598,7;13,38528595;52,46314167
113170;11;1;1100102;2021;6;13;1;3;0;6;0;1;0;0;0;0;1;0;794457,5856;5827039,044;13,34014808;52,51375576
113167;11;3;3400826;2021;4;13;6;3;2;6;0;0;1;0;1;0;0;0;799141,9934;5832240,316;13,41365474;52,55782837
113166;11;2;2400625;2021;8;13;4;3;1;5;0;1;1;0;0;0;0;0;801894,1814;5826590,082;13,44899768;52,50566662
113162;11;7;7200308;2021;7;14;3;3;2;2;0;0;1;0;0;0;0;0;795242,1097;5823528,548;13,34856365;52,48186261
113160;11;12;12100103;2021;10;22;3;3;2;6;2;0;1;0;0;0;0;0;795356,3335;5833736,805;13,35930883;52,57330942
113159;11;3;3200206;2021;11;20;1;3;6;4;2;0;1;1;0;0;0;1;798155,7891;5834710,117;13,40137077;52,58050742
113157;11;7;7601236;2021;5;20;1;3;5;2;2;1;1;0;0;0;0;1;796608,831;5815997,411;13,3619437;52,41361158
113154;11;4;4400727;2021;1;18;5;3;3;6;2;0;1;0;0;0;0;0;791457,1394;5824459,542;13,29380086;52,49224237
113151;11;4;4400725;2021;4;18;1;3;2;6;0;0;1;0;0;0;0;0;790559,9722;5825137,646;13,28121525;52,49879995
113150;11;7;7501030;2021;6;10;4;3;5;2;0;0;1;0;1;0;0;0;797868,097;5820438,208;13,38436011;52,45273506
113147;11;1;1100310;2021;12;0;2;3;5;2;2;0;1;0;0;0;1;0;799107,5376;5827694,393;13,40905623;52,51709999
113146;11;9;9100101;2021;5;6;3;3;3;6;0;1;0;0;0;0;1;0;802761,7345;5825313,412;13,46058015;52,4937432
113145;11;6;6300527;2021;8;23;6;2;5;3;2;0;1;0;0;0;0;1;790289,1625;5818387,076;13,27136365;52,43842377
113143;11;6;6400737;2021;9;12;1;3;3;7;0;0;1;0;1;0;0;0;786970,0574;5820577,111;13,22455228;52,459811
113141;11;4;4200311;2021;3;8;4;3;2;6;0;0;1;0;0;1;0;0;790690,2903;5827013,711;13,28476784;52,51554954
113138;11;4;4200206;2021;6;17;4;3;2;6;0;0;1;0;0;0;0;1;787109,794;5825830,38;13,23112791;52,50683694
113136;11;4;4400727;2021;9;14;7;3;2;6;0;0;1;0;0;0;0;0;791725,0854;5824214,3;13,29752152;52,48990066
113135;11;1;1100310;2021;11;17;4;3;0;7;0;1;0;0;0;0;0;0;798926,7792;5828133,601;13,40679496;52,52113597
113134;11;3;3601451;2021;8;14;3;2;5;2;0;1;0;0;0;0;1;0;800756,8187;5829795,749;13,43518945;52,5350279
113129;11;2;2500729;2021;7;6;6;3;0;7;0;1;0;0;0;0;0;0;803441,78;5827598,848;13,47264887;52,51384948
113128;11;5;5400943;2021;10;16;3;3;8;1;0;0;1;0;0;0;0;0;780085,9812;5822242,793;13,12489731;52,47831905
113127;11;4;4200310;2021;12;0;3;2;6;7;2;0;1;1;0;0;0;0;789605,918;5826231,257;13,26815157;52,50911157
113124;11;7;7300619;2021;1;14;6;3;2;6;0;0;1;0;0;0;0;1;795973,875;5822700,893;13,35857324;52,47404722
113120;11;6;6100101;2021;6;13;4;3;2;6;0;0;1;0;0;0;0;0;793110,777;5820191,173;13,31433699;52,4530922
113116;11;7;7200308;2021;5;18;1;3;5;2;0;1;1;0;0;0;0;0;795225,438;5823516,568;13,34830826;52,48176423
113115;11;1;1401044;2021;6;9;5;3;6;2;0;0;1;1;0;0;0;0;796049,7714;5831333,797;13,36736733;52,55139221
113114;11;5;5200528;2021;8;13;5;2;3;6;0;0;1;0;1;0;0;0;783608,5443;5826690,141;13,18041294;52,51637724
113108;11;9;9100202;2021;7;12;7;3;3;6;0;0;1;0;1;0;0;0;802876,3258;5824779,629;13,46177768;52,48889537
113106;11;3;3601451;2021;10;10;7;3;5;2;0;0;1;0;1;0;0;0;800618,3279;5829922,235;13,43326821;52,53623803
113105;11;7;7300619;2021;11;7;4;3;2;6;1;0;1;0;0;0;1;1;796212,8073;5822727,982;13,3621048;52,47416052
113104;11;4;4200207;2021;9;15;1;3;2;6;0;0;1;0;0;0;0;0;789563,9197;5824470,623;13,26600349;52,49334934
113101;11;3;3601449;2021;4;22;5;3;5;3;2;0;1;0;0;0;0;1;800973,6557;5830485,933;13,43900179;52,54109443
113098;11;12;12500930;2021;3;8;6;3;2;6;0;0;1;0;0;0;1;1;794319,7375;5834607,866;13,34483044;52,58167935
113097;11;4;4400830;2021;10;16;5;3;2;6;0;0;1;0;0;0;0;1;792147,7849;5823744,795;13,30331784;52,48546557
113096;11;7;7501133;2021;12;18;1;3;5;2;2;1;1;0;0;0;0;1;798226,3835;5818768,138;13,3881263;52,43756938