OBJECTID;LAND;BEZ;LOR_ab_2021;UJAHR;UMONAT;USTUNDE;UWOCHENTAG;UKATEGORIE;UART;UTYP1;ULICHTVERH;IstRad;IstPKW;IstFuss;IstKrad;IstGkfz;IstSonstige;USTRZUSTAND;LINREFX;LINREFY;XGCSWGS84;YGCSWGS84,,,,
113095;11;1;1400940;2021;9;18;2;2;5;2;0;1;1;0;0;0;0;0;795861,7826;5832068,848;13,36525796;52,55808336
113093;11;7;7501133;2021;2;18;3;3;5;3;2;0;1;0;0;0;0;1;797550,6488;5818306,607;13,37780424;52,43380024
113089;11;2;2200207;2021;6;18;4;2;5;3;0;1;1;0;0;0;0;0;796890,6032;5825915,197;13,37489397;52,50236276
113084;11;2;2400521;2021;5;18;1;2;6;4;0;1;0;1;0;0;0;0;800933,9776;5827856,219;13,43603821;52,51754575
113083;11;3;3601139;2021;8;19;1;2;0;6;0;1;0;0;0;0;0;0;799228,5071;5831997,33;13,41470803;52,55560285
113079;11;7;7300619;2021;7;18;5;3;2;6;0;0;1;0;0;0;0;0;795624,3876;5823251,935;13,35393124;52,47917616
113076;11;1;1100310;2021;7;11;2;3;0;4;0;0;0;1;0;0;1;0;798764,98;5827955,214;13,40425714;52,51962565
113074;11;7;7200308;2021;10;22;5;3;6;2;2;0;1;1;0;0;0;0;795244,0678;5823531,168;13,34859472;52,48188504
113073;11;3;3601449;2021;11;6;6;3;5;2;2;1;1;0;0;0;0;0;801355,8588;5831009,362;13,44509524;52,54557471
113071;11;7;7300619;2021;9;15;6;3;2;6;0;0;1;0;0;0;0;1;795753,515;5823099,571;13,35569191;52,47774042
113068;11;12;12100101;2021;4;14;3;3;1;5;0;1;1;0;0;0;0;0;795803,5531;5832395,318;13,36469252;52,56104147
113065;11;12;12100103;2021;4;10;7;3;2;6;0;0;1;0;0;0;0;0;795353,7937;5833738,526;13,359273;52,57332622
113064;11;1;1100207;2021;7;16;4;3;0;1;0;0;1;0;0;0;0;0;797718,9869;5826843,855;13,38789245;52,51023574
113062;11;4;4200308;2021;10;6;3;3;0;6;2;0;1;0;0;0;0;0;790406,9775;5827867,978;13,28135028;52,52335903
113061;11;7;7601442;2021;12;18;1;2;1;5;2;0;1;0;0;0;0;1;799343,1079;5816053,905;13,40207639;52,41262964
113060;11;12;12100204;2021;8;13;5;3;0;2;0;1;1;1;0;0;0;0;795766,759;5832692,7;13,3644164;52,56372719
113059;11;1;1100102;2021;9;13;3;3;2;6;0;0;1;0;0;0;0;0;794654,151;5827073,175;13,34306653;52,51395557
113055;11;2;2500726;2021;2;15;6;3;3;6;0;0;1;0;0;0;0;0;801680,7858;5828882,209;13,44794141;52,52632917
113052;11;7;7400825;2021;6;17;2;3;2;6;0;0;1;0;0;0;1;0;797873,2168;5820490,844;13,38448218;52,45320409
113050;11;3;3701660;2021;9;11;1;3;5;3;0;1;1;0;0;0;0;0;800129,5444;5829173,327;13,42540722;52,52979472
113049;11;9;9100101;2021;8;13;2;3;0;2;0;1;0;0;0;1;0;0;802589,2579;5825080,34;13,45783575;52,49174982
113046;11;4;4300622;2021;7;15;7;3;5;3;0;0;1;0;0;0;1;0;793553,4137;5826883,549;13,32672526;52,5128492
113044;11;10;10100206;2021;10;21;3;3;5;2;2;0;1;0;0;0;0;0;809048,162;5833349,062;13,56035141;52,56223359
113043;11;4;4200206;2021;12;11;1;3;2;6;0;0;1;0;0;0;0;1;787818,836;5825944,983;13,24164505;52,50749081
113042;11;3;3701657;2021;5;17;6;3;0;2;0;0;1;0;0;0;1;1;799995,902;5830220,527;13,42438826;52,53925468
113038;11;6;6400737;2021;1;22;5;2;2;6;2;0;1;0;0;0;0;1;785274,8626;5816281,014;13,19600239;52,42217919
113034;11;1;1100310;2021;6;17;3;3;5;3;0;1;0;0;0;0;0;0;798795,4203;5827983,729;13,40473005;52,51986457
113031;11;4;4200206;2021;12;11;4;3;2;6;0;0;1;0;1;0;0;1;787816,8356;5825944,661;13,24161538;52,50748898
113030;11;7;7400825;2021;6;9;4;3;0;6;0;0;1;0;0;0;1;0;797824,4703;5820697,46;13,38395122;52,45508274
113029;11;1;1100102;2021;8;21;1;3;5;3;2;0;1;0;0;0;0;0;796438,7049;5826320,739;13,36861705;52,50624374
113027;11;3;3400620;2021;9;10;4;3;0;1;0;0;1;0;0;0;0;0;798002,6544;5833647,995;13,39816281;52,5710709
113025;11;10;10300733;2021;3;17;7;3;5;2;1;1;1;0;0;0;0;0;808952,1764;5827441,288;13,55344813;52,50934436
113022;11;11;11300725;2021;6;0;3;3;0;2;2;1;0;0;0;0;1;0;804912,6633;5827464,388;13,4941338;52,51182414
113020;11;10;10100312;2021;9;11;3;3;0;5;0;0;0;0;1;0;1;1;807723,5846;5829437,424;13,53724885;52,52792806
113019;11;12;12100205;2021;11;9;2;3;2;6;0;0;1;0;0;0;0;1;794559,2364;5833802,734;13,34763953;52,5743324
113018;11;9;9100203;2021;8;8;2;3;3;6;0;0;1;0;0;0;0;0;803924,5224;5823781,886;13,47625827;52,47937032
113013;11;4;4200308;2021;10;14;7;3;2;6;0;0;1;0;0;0;0;0;790482,2864;5828463,417;13,28297733;52,52865704
113012;11;9;9100306;2021;12;9;2;3;2;6;0;0;1;0;0;1;0;1;803269,994;5820578,574;13,46373911;52,45102311
113009;11;10;10100206;2021;1;10;6;3;2;6;0;0;1;0;0;0;1;0;809036,2083;5833321,15;13,56014963;52,56199024
113005;11;10;10100311;2021;6;14;7;3;0;1;0;0;0;0;1;0;0;1;807942,1011;5827446,537;13,53861696;52,50996248
113001;11;3;3200204;2021;5;16;4;3;2;6;0;0;1;0;1;0;0;0;796693,0015;5839794,073;13,38440289;52,6268782
113000;11;6;6100209;2021;8;9;6;3;2;6;0;0;1;0;0;0;0;0;794430,2601;5821598,62;13,33493974;52,46500016
112994;11;6;6400737;2021;1;4;6;3;2;6;2;0;0;0;0;0;1;1;785421,6732;5818279,673;13,19986157;52,44002289
112990;11;1;1100310;2021;6;22;7;3;0;1;2;0;0;0;0;0;1;0;799109,9812;5827642,864;13,40904581;52,51663677
112986;11;4;4400830;2021;5;11;6;3;2;6;0;0;1;0;0;0;1;1;791968,2013;5823938,47;13,30085034;52,4872979
112985;11;7;7601442;2021;6;13;4;3;5;7;0;1;0;0;0;0;1;0;799784,8935;5814081,157;13,4067866;52,39470471
112984;11;3;3601139;2021;8;18;7;3;5;2;0;1;1;0;0;0;0;0;799216,1733;5832078,425;13,41459975;52,55633651
112982;11;7;7400927;2021;9;7;3;3;3;6;0;0;1;0;0;0;1;0;798477,5168;5822093,955;13,39478206;52,46724443
112980;11;3;3500936;2021;3;10;7;3;2;6;0;0;1;0;0;0;0;0;802187,5446;5831522,475;13,45778945;52,54971304
112977;11;7;7200308;2021;6;16;4;3;6;4;0;0;0;1;0;0;1;1;795242,7002;5823529,338;13,34857302;52,48186937
112975;11;12;12400723;2021;9;11;5;3;5;3;0;0;1;0;0;0;0;0;792181,1767;5838089,909;13,31643074;52,61404688
112974;11;4;4200206;2021;11;18;2;3;2;6;2;0;1;0;0;0;0;0;786826,266;5825830,907;13,22696238;52,50699081
112973;11;3;3400620;2021;8;15;3;2;5;7;0;0;1;0;0;0;1;0;798037,064;5833798,824;13,39880458;52,57240403
112969;11;4;4100101;2021;7;13;6;3;2;6;0;0;1;0;0;0;0;0;791447,3368;5830433,399;13,29889074;52,54580249
112968;11;2;2500727;2021;10;8;6;3;0;7;0;1;0;0;0;0;0;1;802044,1989;5828032,858;13,45251064;52,51851523
112967;11;7;7501133;2021;12;16;2;3;2;6;2;0;1;0;0;0;0;0;798461,9631;5818167,106;13,39104501;52,4320533
112964;11;12;12100103;2021;1;11;3;3;2;6;0;0;1;0;0;0;0;1;795449,8433;5833486,44;13,36046159;52,57101438
112960;11;2;2200208;2021;6;17;7;3;3;6;0;0;1;0;0;0;0;0;797902,9035;5825411,261;13,38931269;52,49729386
112956;11;9;9100203;2021;5;9;2;3;5;3;0;1;1;0;0;0;0;0;804105,746;5824368,084;13,4794532;52,48452337
112955;11;2;2500727;2021;6;19;5;2;3;6;0;1;0;0;0;0;1;0;802340,0334;5827728,766;13,45658095;52,51562574
112954;11;9;9100101;2021;8;11;4;3;5;2;0;1;1;0;0;0;0;0;802673,8366;5825221,035;13,4592055;52,49296398
112947;11;11;11401032;2021;7;12;3;3;2;6;0;0;1;0;0;0;0;0;805606,4615;5827379,11;13,50424715;52,51067161
112945;11;3;3701660;2021;10;11;7;3;6;4;0;1;0;1;0;0;0;0;800302,4112;5829454,316;13,4282017;52,53221811
112944;11;1;1100310;2021;11;1;3;2;0;1;2;0;0;0;0;0;1;0;798805,1712;5827992,863;13,40488154;52,5199411
112943;11;4;4300622;2021;9;8;2;3;5;2;0;1;1;0;0;0;0;0;792964,3826;5826801,637;13,31799815;52,51243158
112940;11;9;9100305;2021;4;11;4;3;6;4;0;0;1;1;0;0;0;0;804690,4303;5823013,561;13,48679928;52,47205733
112937;11;9;9100407;2021;3;10;6;3;3;6;0;0;1;0;0;1;0;0;805528,0599;5818934,941;13,49536144;52,43503462
112936;11;10;10300733;2021;10;3;1;2;3;6;2;1;1;0;0;0;0;0;808796,7727;5827420,437;13,55114624;52,50924548
112935;11;7;7601236;2021;12;8;5;3;4;6;0;0;1;0;0;0;0;0;796607,1076;5816012,706;13,36193199;52,41374962
112934;11;12;12100101;2021;9;6;5;3;5;2;1;1;1;0;0;0;0;1;795798,3622;5832425,087;13,3646427;52,56131114
112932;11;5;5200634;2021;2;15;3;3;3;6;0;0;1;0;0;1;0;2;784946,5119;5826331,878;13,19977045;52,51246761
112928;11;1;1100205;2021;6;9;6;3;4;6;0;1;0;0;0;0;0;0;797199,2673;5826758,092;13,38018039;52,50975036
112924;11;2;2200209;2021;5;14;4;3;5;3;0;1;1;0;0;0;0;0;797744,3341;5824144,678;13,38585196;52,48602693
112923;11;4;4300622;2021;8;18;2;3;5;2;0;1;1;0;0;0;0;0;793052,8387;5826816,607;13,31931106;52,51251826
112918;11;1;1100207;2021;7;18;5;2;0;1;0;1;0;0;0;0;0;1;798809,08;5827230,721;13,4042545;52,51310743
112916;11;4;4501151;2021;10;16;6;3;2;6;0;0;1;0;0;0;1;0;793864,9611;5822993,976;13,32787176;52,47781328
112915;11;2;2500833;2021;11;17;4;3;2;3;2;0;1;0;0;0;0;0;802103,4349;5827348,333;13,45275949;52,51234702
112913;11;3;3200205;2021;9;15;6;3;5;2;0;1;1;0;0;0;0;1;798153,4332;5836011,581;13,40250718;52,59217441
112910;11;10;10400940;2021;4;16;5;2;5;3;0;1;1;0;0;0;0;0;812566,2618;5827181,007;13,60628349;52,50495339
112907;11;6;6400735;2021;4;15;3;3;5;2;0;1;1;0;0;0;0;1;782346,8895;5815727,829;13,15259252;52,41873762
112906;11;7;7601442;2021;6;6;4;3;1;5;0;0;1;0;1;0;0;0;799663,676;5815318,126;13,40611695;52,40585892
112904;11;4;4501148;2021;11;17;5;3;2;6;2;0;1;0;0;0;0;1;793088,4593;5823060,552;13,31652971;52,47882739
112902;11;4;4200308;2021;5;11;2;3;3;6;0;0;1;0;0;1;0;0;790500,7215;5828515,45;13,28329378;52,52911368
112901;11;10;10400837;2021;8;10;1;3;2;6;0;0;1;0;0;0;0;0;811548,314;5827130,728;13,59128738;52,50508499
112900;11;3;3400723;2021;9;14;4;3;3;6;0;0;0;0;1;0;1;0;798362,8181;5833480,992;13,40331111;52,56937667
112896;11;7;7601544;2021;2;10;1;3;5;7;0;0;1;0;0;0;0;0;799926,2548;5813390,318;13,40823972;52,38843483
112893;11;10;10400940;2021;6;13;5;3;2;6;0;0;1;0;0;0;0;0;812071,8949;5827156,524;13,59900059;52,50501696
112891;11;4;4200311;2021;9;13;6;2;3;6;0;0;1;0;1;0;0;0;790544,1667;5825854,214;13,28160831;52,50523245
112890;11;3;3601451;2021;10;19;1;3;0;6;2;0;1;0;1;0;0;0;800640,9553;5829907,339;13,43358734;52,53609203
112889;11;3;3601348;2021;8;18;7;3;5;2;0;1;1;0;0;0;0;0;799600,8989;5830275,057;13,4186307;52,53996076
112885;11;4;4200206;2021;7;15;3;3;2;6;0;0;1;0;0;0;0;0;788896,1474;5826118,697;13,25762484;52,50847879
112884;11;7;7200410;2021;10;14;2;2;1;5;0;1;0;0;0;0;1;0;795444,9349;5823786,657;13,35177042;52,48406667
112883;11;2;2500728;2021;12;10;4;3;0;7;0;1;0;0;0;0;0;0;802946,5907;5827649,329;13,46541998;52,51457719
112882;11;7;7501030;2021;5;8;7;3;6;4;0;0;1;1;0;0;0;0;798000,2733;5819693,434;13,385635;52,44598692
112879;11;8;8200622;2021;1;17;2;3;3;6;2;0;1;0;0;0;0;1;801748,4851;5821822,856;13,44254228;52,46301784
112875;11;7;7200411;2021;6;12;7;3;2;6;0;0;1;0;0;0;0;1;795905,0188;5824393,978;13,35906515;52,48926167
112871;11;12;12500927;2021;5;18;6;3;3;6;0;1;1;0;0;0;0;1;793383,0877;5836329,709;13,33257128;52,59762041
112870;11;4;4300414;2021;6;17;5;3;5;2;0;0;1;0;1;0;0;0;791571,3263;5826545,771;13,29730464;52,51088422
112869;11;7;7601236;2021;8;19;6;3;1;1;0;0;1;0;0;0;0;0;796740,074;5816074,057;13,36393564;52,41422752
112867;11;2;2500726;2021;9;16;2;3;0;7;0;1;0;0;0;0;0;0;801916,2823;5828402,509;13,45096667;52,52189925
112865;11;2;2200209;2021;3;9;6;3;3;6;0;0;1;0;0;1;0;0;797785,2323;5824804,454;13,38704204;52,49191876
112862;11;2;2500727;2021;6;18;4;3;2;6;0;0;1;0;0;0;0;1;802148,9846;5827848,68;13,45388297;52,5168064
112860;11;4;4501151;2021;9;15;2;3;2;6;0;0;1;0;0;0;0;0;793810,0272;5822991,083;13,32706268;52,4778169
112859;11;3;3400723;2021;11;14;5;3;1;5;0;0;1;0;0;0;1;0;798402,1707;5833429,949;13,40384409;52,56889757
112858;11;2;2200208;2021;9;12;4;3;5;2;0;1;1;0;0;0;0;0;797896,849;5825439,479;13,38924901;52,4975501
112855;11;7;7501133;2021;4;20;2;3;5;2;1;1;1;0;0;0;0;0;797577,797;5818425,304;13,37830805;52,43484948
112852;11;12;12601032;2021;10;16;3;3;2;6;0;0;1;0;0;0;1;0;792738,537;5837410,827;13,32403838;52,60765938
112851;11;4;4300621;2021;12;18;6;3;2;7;2;0;1;0;0;0;1;1;792513,9321;5826725,53;13,31131251;52,51199106
112848;11;9;9100202;2021;2;22;3;1;8;1;2;0;1;0;0;0;0;1;803329,2497;5824338,648;13,46802652;52,48469146
112844;11;3;3601347;2021;6;20;3;3;2;2;0;0;1;0;1;0;0;0;799432,5147;5830307,275;13,41618436;52,5403421
112840;11;10;10400940;2021;5;12;6;3;2;6;0;0;1;0;0;0;0;0;812065,073;5827140,562;13,59888545;52,50487782
112839;11;12;12400721;2021;8;17;4;3;5;3;0;1;1;0;0;0;0;0;790996,6056;5841245,863;13,30176325;52,64297452
112832;11;5;5200633;2021;7;9;7;2;5;3;0;0;1;0;0;0;0;0;784343,3466;5826494,092;13,191045;52,51423682
112830;11;3;3400831;2021;10;16;6;3;5;7;0;1;1;0;0;0;0;0;800075,3247;5834038,937;13,42900767;52,57343634
112829;11;9;9100203;2021;11;21;5;3;6;7;2;0;1;1;0;0;0;1;804038,1139;5824306,139;13,4784038;52,48400585
112828;11;12;12500927;2021;9;15;5;3;2;6;0;0;1;0;0;0;0;0;793388,072;5836322,543;13,33263831;52,59755348
112825;11;7;7501030;2021;4;17;5;3;3;6;0;0;1;0;0;0;0;0;797951,3261;5819971,703;13,38516513;52,44850798
112822;11;12;12601032;2021;3;13;3;3;3;6;0;0;1;0;1;0;0;0;792807,1201;5837300,969;13,32495108;52,60663763
112821;11;1;1100310;2021;10;22;2;2;3;6;2;1;1;0;0;0;0;0;799045,3056;5827542,271;13,40800511;52,51577057
112820;11;7;7501133;2021;12;10;4;3;3;6;0;0;1;0;0;0;1;1;798285,593;5818648,815;13,38888826;52,43646749
112819;11;7;7400720;2021;5;15;2;3;6;4;0;0;1;1;0;0;0;0;797842,3037;5822464,311;13,38578959;52,47091091
112818;11;5;5200528;2021;9;15;5;1;5;2;0;0;1;0;1;0;0;0;782206,9977;5825008,353;13,15838734;52,50202459
112816;11;2;2500728;2021;2;11;5;3;2;6;0;0;1;0;1;0;0;1;802935,4972;5827650,372;13,46525795;52,5145927
112813;11;7;7400721;2021;6;9;1;3;5;2;0;1;0;0;1;0;0;0;797814,0224;5823053,155;13,38590022;52,47620466
112810;11;4;4400726;2021;5;11;5;3;2;3;0;0;1;0;0;1;0;0;791238,3449;5824615,352;13,29072357;52,49375598
112809;11;7;7501135;2021;8;15;7;3;2;6;0;0;1;0;1;0;0;0;798824,5392;5817300,676;13,39558814;52,42408883
112805;11;11;11300725;2021;7;16;5;3;5;2;0;0;1;0;1;0;0;1;804919,011;5827445,546;13,49420979;52,51165172
112803;11;12;12400723;2021;10;15;5;3;5;2;0;0;1;0;1;0;0;0;791854,96;5839129,334;13,31254366;52,62354013
112802;11;4;4400727;2021;11;17;5;3;2;6;1;0;1;0;0;1;0;0;791534,9682;5824376,64;13,29487141;52,49145759
112798;11;2;2400625;2021;1;6;1;3;8;1;2;1;0;0;0;0;0;0;801796,3989;5826319,607;13,44731622;52,50329643
112795;11;4;4200206;2021;4;13;7;3;2;6;0;0;1;0;0;0;0;0;786851,0503;5825824,34;13,22732089;52,5069189
112794;11;4;4200311;2021;6;13;1;3;5;5;0;1;1;0;0;0;0;0;790515,9155;5826374,98;13,28164774;52,50991619
112789;11;4;4200308;2021;7;20;7;3;3;6;1;0;1;0;0;1;0;0;790462,2691;5828449,192;13,28267066;52,52854017
112787;11;7;7300619;2021;10;7;3;2;2;6;1;0;1;0;0;0;0;1;795911,1295;5822693,263;13,35764538;52,47401282
112786;11;3;3601451;2021;11;9;6;3;2;6;0;0;1;0;0;0;0;0;800581,0641;5829912,965;13,43271208;52,5361755
112785;11;7;7501133;2021;9;16;6;3;2;7;0;0;1;0;0;0;0;0;798224,2256;5818775,802;13,38810149;52,43763926
112782;11;1;1100310;2021;4;20;5;3;5;2;1;1;1;0;0;0;0;1;799079,3393;5827595,299;13,40855283;52,51622723
112779;11;7;7400822;2021;3;14;5;3;2;6;0;0;1;0;0;0;0;1;796820,9329;5822396,028;13,37073656;52,47085474
112778;11;7;7200410;2021;10;18;3;3;0;5;2;0;1;0;0;0;0;1;795327,4541;5823629,716;13,34990636;52,48272336
112777;11;1;1100102;2021;12;16;1;3;5;3;1;0;1;0;0;0;0;1;796676,764;5826211,163;13,37201659;52,5051321
112776;11;4;4100101;2021;9;14;3;3;0;1;0;0;1;0;0;0;0;0;790892,7734;5829007,481;13,28948738;52,53331565
112774;11;7;7601236;2021;2;12;2;3;4;1;0;0;1;0;0;0;1;2;797162,098;5817054,421;13,37099303;52,42278671
112770;11;4;4100101;2021;6;16;5;3;2;6;0;0;1;0;0;0;1;0;790970,8991;5828987,714;13,2906186;52,53309673
112766;11;1;1100310;2021;5;18;4;3;0;2;0;1;1;0;0;0;0;0;799792,5569;5828613,13;13,41994934;52,52495889
112765;11;7;7601236;2021;8;17;4;3;5;3;0;0;1;0;1;0;0;0;796614,1709;5816012,315;13,36203519;52,41374229
112761;11;1;1100310;2021;7;13;5;3;5;3;0;1;0;0;0;0;1;0;799320,3653;5827928,357;13,41239386;52,51908037
112759;11;2;2400521;2021;10;19;5;3;5;3;2;0;1;0;1;0;0;0;800400,706;5827977,743;13,42831257;52,518929
112758;11;12;12100103;2021;11;16;1;3;5;7;2;0;1;0;0;0;0;0;795336,9183;5833745,999;13,35903137;52,57340237
112754;11;3;3601141;2021;4;14;5;3;1;5;0;0;1;0;0;0;0;1;799202,7437;5831557,678;13,41393292;52,55167622
112751;11;2;2500835;2021;3;10;4;3;5;3;0;0;1;0;0;1;0;0;801835,1686;5826227,769;13,44780241;52,50245183
112750;11;4;4300414;2021;6;15;4;3;6;4;0;0;1;1;0;0;0;0;791561,8946;5826565,403;13,29718326;52,51106526
112748;11;7;7501133;2021;11;16;6;3;5;2;1;0;1;0;0;0;1;1;798466,8899;5818155,113;13,39110656;52,43194311
112746;11;6;6300527;2021;5;14;4;2;2;6;0;0;0;0;1;1;0;0;790237,2919;5818329,981;13,27055314;52,43793943
112745;11;1;1100310;2021;8;6;1;3;5;2;0;0;1;0;0;0;0;0;799105,0119;5827690,29;13,40901544;52,51706461
112744;11;3;3200205;2021;9;15;4;3;5;3;0;0;1;0;0;0;0;0;798165,874;5836123,633;13,40279116;52,59317197
112740;11;12;12400723;2021;2;14;5;3;2;6;0;0;1;0;0;0;0;0;792114,6667;5837967,142;13,31534281;52,61298209
112737;11;9;9200613;2021;6;16;7;3;2;6;0;0;1;0;0;0;0;0;806775,7178;5820984,765;13,51553888;52,4527076
112735;11;7;7400720;2021;9;5;1;2;1;6;2;0;1;0;0;0;0;0;797774,3952;5823571,027;13,38578094;52,48086841
112734;11;2;2400625;2021;11;0;7;3;6;4;2;0;0;1;0;0;1;1;801872,9496;5826522,075;13,44862415;52,50506882
112733;11;7;7501030;2021;8;18;3;3;2;6;0;0;1;0;0;0;0;0;798111,7914;5819180,742;13,38681357;52,4413304
112728;11;12;12500927;2021;7;19;2;3;3;6;0;0;1;0;0;0;0;0;793411,8147;5836199,13;13,33287849;52,59643436
112727;11;1;1300836;2021;10;15;6;3;5;2;0;0;1;0;0;0;0;1;796343,923;5830077,937;13,37057247;52,53997479
112726;11;2;2500727;2021;11;17;3;3;5;2;2;1;1;0;0;0;0;1;802579,0961;5827686,957;13,46005519;52,51511844
112725;11;3;3601451;2021;5;19;2;3;5;3;0;1;1;0;0;0;0;0;800578,0533;5829914,358;13,43266909;52,53618964
112722;11;7;7300619;2021;1;15;3;3;2;2;1;0;1;0;0;0;0;1;795707,786;5823146,433;13,35506211;52,47818526
112718;11;3;3601142;2021;6;23;1;3;5;2;2;0;1;0;1;0;0;0;799170,3292;5830364,129;13,41238118;52,54099572
112714;11;3;3701657;2021;5;16;6;2;2;6;0;0;0;0;1;0;1;1;800447,8659;5829974,765;13,43081005;52,53680286
112713;11;10;10300734;2021;6;16;5;3;2;6;0;0;1;0;1;0;0;0;810473,8816;5827073,93;13,57545546;52,50518842
112712;11;3;3400620;2021;8;18;1;2;5;3;0;0;1;0;0;0;0;0;798042,6871;5833914,83;13,39899157;52,57344078
112710;11;7;7501133;2021;9;14;6;3;2;3;0;1;1;0;0;0;0;1;798266,6304;5818638,776;13,38860118;52,43638784
112709;11;9;9200613;2021;3;13;6;2;2;2;0;0;1;0;0;1;0;0;805508,469;5822223,96;13,4980823;52,46452364
112706;11;2;2500727;2021;7;20;3;3;0;1;0;1;0;0;0;0;0;0;802175,9803;5827752,07;13,45419186;52,51592553
112704;11;9;9100101;2021;9;0;4;3;5;2;2;1;0;0;0;0;1;0;802593,7752;5825083,805;13,45790523;52,49177837
112703;11;7;7501133;2021;11;9;5;3;2;2;0;0;1;0;0;0;1;0;797478,4228;5817983,32;13,37645733;52,43094156
112702;11;3;3601347;2021;8;16;2;3;2;6;0;0;1;0;0;0;1;1;799268,7245;5830343,863;13,41380945;52,54076003
112699;11;5;5400943;2021;4;12;2;3;5;3;0;1;1;0;0;0;0;0;780178,4245;5822276,179;13,12628297;52,478571
112696;11;7;7601547;2021;3;10;7;3;3;6;0;0;1;0;0;0;0;1;800376,3585;5812645,944;13,41416709;52,38151593
112695;11;1;1100102;2021;10;4;1;3;0;7;2;1;0;0;0;0;1;0;794645,0773;5827086,879;13,34294534;52,51408331
112694;11;7;7100205;2021;12;21;3;3;3;6;2;1;1;0;0;0;0;1;796033,162;5825276,908;13,36173144;52,49710691
112693;11;1;1100104;2021;9;20;6;3;2;2;2;0;1;0;0;0;0;0;796211,3171;5825846,542;13,36485473;52,50211651
112691;11;8;8200622;2021;2;12;4;3;0;7;0;0;0;0;0;0;1;1;802292,4195;5821928,251;13,45061969;52,46366187
112687;11;2;2400521;2021;6;9;5;3;0;1;0;1;0;0;0;0;0;0;800428,756;5827893,736;13,42864886;52,51816057
112683;11;2;2500728;2021;5;12;5;1;3;5;0;1;0;0;0;1;1;0;802989,8632;5827661,081;13,46606641;52,51465848
112682;11;7;7501133;2021;8;6;4;3;1;5;0;0;1;0;0;0;1;0;798443,5421;5818211,908;13,39081485;52,43246494
112678;11;1;1100102;2021;7;17;6;2;6;4;0;0;1;1;0;0;0;0;794653,708;5827073,098;13,34305996;52,51395511
112674;11;3;3701660;2021;7;12;6;3;0;1;0;1;0;0;0;0;0;0;800008,8561;5828979,327;13,42345838;52,52812226
112672;11;7;7501030;2021;10;19;3;3;3;6;2;0;1;0;0;0;1;1;798071,3037;5819370,754;13,38638916;52,44305573
112671;11;3;3500936;2021;11;20;3;3;3;6;2;0;1;0;0;0;0;1;801535,5221;5831186,587;13,44789755;52,54706378
112670;11;6;6400737;2021;9;18;5;2;8;1;0;0;1;0;0;0;0;0;786402,3551;5816901,902;13,21306931;52,42715711
112667;11;4;4200206;2021;4;15;7;3;5;2;0;1;0;0;0;0;0;0;788371,5555;5826034,297;13,24984365;52,50799966
112664;11;3;3601449;2021;4;15;6;2;5;2;0;0;1;0;0;0;0;0;801342,9431;5830998,378;13,44489539;52,54548341
112663;11;7;7400720;2021;10;20;3;3;2;6;2;0;1;0;0;0;0;0;797791,3265;5823530,035;13,38599291;52,48049173
112662;11;4;4400725;2021;12;7;6;3;3;6;2;0;1;0;0;0;0;1;790629,8701;5825033,727;13,28215135;52,49783108
112661;11;4;4200308;2021;8;13;2;2;0;1;0;0;0;0;1;0;0;0;790467,894;5828415,751;13,28272412;52,52823738
112658;11;7;7200308;2021;2;9;4;3;2;6;0;0;1;0;0;0;0;0;795230,843;5823513,413;13,34838482;52,48173303
112655;11;1;1100207;2021;6;13;3;3;2;7;0;0;1;0;1;0;0;0;798966,319;5827418,654;13,4067335;52,51470582
112652;11;1;1100207;2021;5;9;3;3;2;6;0;0;1;0;0;0;0;0;798635,7727;5827033,609;13,40153138;52,5114355
112651;11;4;4300621;2021;8;13;2;3;6;7;0;1;0;1;0;0;0;0;792566,9682;5826734,441;13,31209963;52,5120425
112647;11;2;2100101;2021;7;6;4;3;3;6;0;0;1;0;0;0;0;0;797300,4111;5825591,351;13,38062451;52,49923671
112645;11;3;3701657;2021;10;17;5;3;3;6;0;1;0;0;0;0;0;0;800062,041;5830191,77;13,42533456;52,53896051
112644;11;4;4400725;2021;11;17;5;3;3;6;2;0;1;0;0;1;0;1;790532,2438;5825218,846;13,28087877;52,49954267
112642;11;4;4200206;2021;5;15;1;3;2;6;0;0;1;0;0;0;0;1;788383,9118;5826036,285;13,25002692;52,50801096
112639;11;2;2200208;2021;1;12;4;3;3;6;0;0;1;0;0;1;0;0;797868,7436;5825027,618;13,38846794;52,4938736
112636;11;7;7501133;2021;4;1;1;3;5;2;2;0;1;0;0;0;0;1;798181,752;5818924,81;13,38761144;52,4389981
112635;11;10;10400941;2021;6;17;4;3;5;2;0;1;1;0;0;0;0;0;813550,9263;5827159,332;13,62072288;52,50419424
112631;11;12;12100101;2021;5;11;3;3;2;6;0;0;1;0;0;0;0;0;795809,0701;5832452,408;13,36482456;52,56155023
112630;11;8;8100521;2021;8;14;6;3;2;6;0;0;1;0;0;0;0;0;802654,576;5821738,984;13,45576256;52,46176499
112628;11;7;7400824;2021;9;16;6;3;0;1;0;0;1;0;0;0;0;1;797694,6572;5822311,382;13,38348592;52,46962055
112626;11;7;7501030;2021;3;12;4;2;6;7;0;0;0;1;0;0;1;0;798022,5514;5819629,132;13,38590447;52,44539838